Craigslist,https://abilene.craigslist.org/,https://dallas.craigslist.org/ftw/clt/d/fort-worth-sports-cards/7837312105.html,['https://images.craigslist.org/d/7837312105/00X0X_bzT4jbUyEN8_0t20CI_300x300.jpg'],Fixed,Sports Cards,$,$650,,,,,,,,,,,,,,,,,,,,,,,,,,,,,,,,,,,,,,,,,,,,,,,,,,,,,,,,
Craigslist,https://abilene.craigslist.org/,https://austin.craigslist.org/clt/d/georgetown-vintage-sports-cards/7829730802.html,['https://images.craigslist.org/d/7829730802/01717_9GieNLpAUNR_0t20CI_300x300.jpg'],Fixed,Vintage sports cards,$,$60,,,,,,,,,,,,,,,,,,,,,,,,,,,,,,,,,,,,,,,,,,,,,,,,,,,,,,,,
Craigslist,https://abilene.craigslist.org/,https://austin.craigslist.org/clt/d/georgetown-vintage-sports-cards/7829217228.html,"['https://images.craigslist.org/d/7829217228/00F0F_haj8A8i0x5u_0dq0t2_300x300.jpg', 'data:image/png;base64,iVBORw0KGgoAAAANSUhEUgAAAAEAAAABCAYAAAAfFcSJAAAAAXNSR0IArs4c6QAAAAtJREFUGFdjYAACAAAFAAGq1chRAAAAAElFTkSuQmCC']",Fixed,Vintage sports cards,$,$50,,,,,,,,,,,,,,,,,,,,,,,,,,,,,,,,,,,,,,,,,,,,,,,,,,,,,,,,
Craigslist,https://abilene.craigslist.org/,https://austin.craigslist.org/clt/d/georgetown-vintage-sports-cards/7829214039.html,"['https://images.craigslist.org/d/7829214039/00c0c_hibfB0SZSYR_0dq0t2_300x300.jpg', 'data:image/png;base64,iVBORw0KGgoAAAANSUhEUgAAAAEAAAABCAYAAAAfFcSJAAAAAXNSR0IArs4c6QAAAAtJREFUGFdjYAACAAAFAAGq1chRAAAAAElFTkSuQmCC']",Fixed,Vintage sports cards,$,$50,,,,,,,,,,,,,,,,,,,,,,,,,,,,,,,,,,,,,,,,,,,,,,,,,,,,,,,,
Craigslist,https://abilene.craigslist.org/,https://austin.craigslist.org/clt/d/georgetown-racers-edge-sports-cards/7819869503.html,['https://images.craigslist.org/d/7819869503/00A0A_bf27XhvERz0_0lM0t2_300x300.jpg'],Fixed,Racers. Edge sports cards,$,$20,,,,,,,,,,,,,,,,,,,,,,,,,,,,,,,,,,,,,,,,,,,,,,,,,,,,,,,,
Craigslist,https://abilene.craigslist.org/,https://austin.craigslist.org/clt/d/large-variety-of-sports-cards-baseball/7837041155.html,['https://images.craigslist.org/d/7837041155/00101_58g8Cq7GTZN_09G07g_300x300.jpg'],Fixed,Large variety of Sports Cards - baseball and other sports,$,$2,,,,,,,,,,,,,,,,,,,,,,,,,,,,,,,,,,,,,,,,,,,,,,,,,,,,,,,,
Craigslist,https://abilene.craigslist.org/,https://dallas.craigslist.org/dal/clt/d/dallas-sports-cards/7830049340.html,['https://images.craigslist.org/d/7830049340/00L0L_b0hvDBK5ab3_0t20CI_300x300.jpg'],Fixed,Sports cards,$,"$123,456",,,,,,,,,,,,,,,,,,,,,,,,,,,,,,,,,,,,,,,,,,,,,,,,,,,,,,,,
Craigslist,https://abilene.craigslist.org/,https://killeen.craigslist.org/clt/d/killeen-football-basketball-sports/7835784723.html,['https://images.craigslist.org/d/7835784723/00N0N_heJ7yq25WQw_0CI0lM_300x300.jpg'],Fixed,"Football, Basketball, Sports Cards, Dallas Cowboys Memorabilia",$,"$2,000",,,,,,,,,,,,,,,,,,,,,,,,,,,,,,,,,,,,,,,,,,,,,,,,,,,,,,,,
Craigslist,https://abilene.craigslist.org/,https://dallas.craigslist.org/mdf/clt/d/kennedale-sports-cards/7836770209.html,"['data:image/png;base64,iVBORw0KGgoAAAANSUhEUgAAAAEAAAABCAYAAAAfFcSJAAAAAXNSR0IArs4c6QAAAAtJREFUGFdjYAACAAAFAAGq1chRAAAAAElFTkSuQmCC']",Fixed,"10,000+ Sports Cards",$,$1,,,,,,,,,,,,,,,,,,,,,,,,,,,,,,,,,,,,,,,,,,,,,,,,,,,,,,,,
Craigslist,https://abilene.craigslist.org/,https://dallas.craigslist.org/ndf/clt/d/mckinney-john-elway-sports-cards-11/7827477827.html,"['data:image/png;base64,iVBORw0KGgoAAAANSUhEUgAAAAEAAAABCAYAAAAfFcSJAAAAAXNSR0IArs4c6QAAAAtJREFUGFdjYAACAAAFAAGq1chRAAAAAElFTkSuQmCC']",Fixed,John Elway sports cards- 11 cards total,$,$70,,,,,,,,,,,,,,,,,,,,,,,,,,,,,,,,,,,,,,,,,,,,,,,,,,,,,,,,
Craigslist,https://abilene.craigslist.org/,https://dallas.craigslist.org/ndf/clt/d/mckinney-wayne-gretzky-sports-cards-set/7827477910.html,"['data:image/png;base64,iVBORw0KGgoAAAANSUhEUgAAAAEAAAABCAYAAAAfFcSJAAAAAXNSR0IArs4c6QAAAAtJREFUGFdjYAACAAAFAAGq1chRAAAAAElFTkSuQmCC']",Fixed,Wayne Gretzky sports cards- Set of 2,$,$70,,,,,,,,,,,,,,,,,,,,,,,,,,,,,,,,,,,,,,,,,,,,,,,,,,,,,,,,
Craigslist,https://abilene.craigslist.org/,https://dallas.craigslist.org/ndf/clt/d/mckinney-terry-bradshaw-sports-cards/7827476452.html,"['data:image/png;base64,iVBORw0KGgoAAAANSUhEUgAAAAEAAAABCAYAAAAfFcSJAAAAAXNSR0IArs4c6QAAAAtJREFUGFdjYAACAAAFAAGq1chRAAAAAElFTkSuQmCC']",Fixed,Terry Bradshaw sports cards- Set of 2,$,$65,,,,,,,,,,,,,,,,,,,,,,,,,,,,,,,,,,,,,,,,,,,,,,,,,,,,,,,,
Craigslist,https://abilene.craigslist.org/,https://dallas.craigslist.org/dal/clt/d/rockwall-huge-box-of-sports-cards/7822154525.html,"['data:image/png;base64,iVBORw0KGgoAAAANSUhEUgAAAAEAAAABCAYAAAAfFcSJAAAAAXNSR0IArs4c6QAAAAtJREFUGFdjYAACAAAFAAGq1chRAAAAAElFTkSuQmCC']",Fixed,Huge box of sports cards,$,-,,,,,,,,,,,,,,,,,,,,,,,,,,,,,,,,,,,,,,,,,,,,,,,,,,,,,,,,
Craigslist,https://abilene.craigslist.org/,https://austin.craigslist.org/clt/d/austin-nfl-mlb-sports-cards-lot-4500/7833281127.html,"['data:image/png;base64,iVBORw0KGgoAAAANSUhEUgAAAAEAAAABCAYAAAAfFcSJAAAAAXNSR0IArs4c6QAAAAtJREFUGFdjYAACAAAFAAGq1chRAAAAAElFTkSuQmCC']",Fixed,"NFL/MLB Sports Cards Lot (4,500+ Cards Included)",$,$375,,,,,,,,,,,,,,,,,,,,,,,,,,,,,,,,,,,,,,,,,,,,,,,,,,,,,,,,
Craigslist,https://abilene.craigslist.org/,https://sanantonio.craigslist.org/clt/d/fredericksburg-sports-cards-football/7832495338.html,"['data:image/png;base64,iVBORw0KGgoAAAANSUhEUgAAAAEAAAABCAYAAAAfFcSJAAAAAXNSR0IArs4c6QAAAAtJREFUGFdjYAACAAAFAAGq1chRAAAAAElFTkSuQmCC']",Fixed,Sports Cards Football Cards Baseball Cards Basketball Cards,$,"$1,500",,,,,,,,,,,,,,,,,,,,,,,,,,,,,,,,,,,,,,,,,,,,,,,,,,,,,,,,
Craigslist,https://abilene.craigslist.org/,https://austin.craigslist.org/clt/d/fredericksburg-sports-cards-football/7832494877.html,"['data:image/png;base64,iVBORw0KGgoAAAANSUhEUgAAAAEAAAABCAYAAAAfFcSJAAAAAXNSR0IArs4c6QAAAAtJREFUGFdjYAACAAAFAAGq1chRAAAAAElFTkSuQmCC']",Fixed,Sports Cards Football Cards Baseball Cards Basketball Cards,$,"$1,500",,,,,,,,,,,,,,,,,,,,,,,,,,,,,,,,,,,,,,,,,,,,,,,,,,,,,,,,
Craigslist,https://abilene.craigslist.org/,https://austin.craigslist.org/clt/d/fredericksburg-sports-cards-football/7832492952.html,"['data:image/png;base64,iVBORw0KGgoAAAANSUhEUgAAAAEAAAABCAYAAAAfFcSJAAAAAXNSR0IArs4c6QAAAAtJREFUGFdjYAACAAAFAAGq1chRAAAAAElFTkSuQmCC']",Fixed,Sports Cards Football Cards Justin Herbert ALL ROOKIES,$,"$12,000",,,,,,,,,,,,,,,,,,,,,,,,,,,,,,,,,,,,,,,,,,,,,,,,,,,,,,,,
Craigslist,https://abilene.craigslist.org/,https://sanantonio.craigslist.org/clt/d/fredericksburg-sports-cards-football/7832492729.html,"['data:image/png;base64,iVBORw0KGgoAAAANSUhEUgAAAAEAAAABCAYAAAAfFcSJAAAAAXNSR0IArs4c6QAAAAtJREFUGFdjYAACAAAFAAGq1chRAAAAAElFTkSuQmCC']",Fixed,Sports Cards Football Cards Justin Herbert ALL ROOKIES,$,"$12,000",,,,,,,,,,,,,,,,,,,,,,,,,,,,,,,,,,,,,,,,,,,,,,,,,,,,,,,,
Craigslist,https://abilene.craigslist.org/,https://austin.craigslist.org/clt/d/austin-dallas-cowboy-football-cards/7829913731.html,"['data:image/png;base64,iVBORw0KGgoAAAANSUhEUgAAAAEAAAABCAYAAAAfFcSJAAAAAXNSR0IArs4c6QAAAAtJREFUGFdjYAACAAAFAAGq1chRAAAAAElFTkSuQmCC']",Fixed,Dallas Cowboy Football Cards w/Binder,$,$50,,,,,,,,,,,,,,,,,,,,,,,,,,,,,,,,,,,,,,,,,,,,,,,,,,,,,,,,
Craigslist,https://abilene.craigslist.org/,https://austin.craigslist.org/clt/d/austin-baseball-sports-card-starter/7827428065.html,"['data:image/png;base64,iVBORw0KGgoAAAANSUhEUgAAAAEAAAABCAYAAAAfFcSJAAAAAXNSR0IArs4c6QAAAAtJREFUGFdjYAACAAAFAAGq1chRAAAAAElFTkSuQmCC']",Fixed,Baseball Sports Card Starter Collections $20/Binder,$,$20,,,,,,,,,,,,,,,,,,,,,,,,,,,,,,,,,,,,,,,,,,,,,,,,,,,,,,,,
Craigslist,https://abilene.craigslist.org/,https://austin.craigslist.org/clt/d/georgetown-vintage-football-cards/7828976406.html,"['data:image/png;base64,iVBORw0KGgoAAAANSUhEUgAAAAEAAAABCAYAAAAfFcSJAAAAAXNSR0IArs4c6QAAAAtJREFUGFdjYAACAAAFAAGq1chRAAAAAElFTkSuQmCC']",Fixed,Vintage football cards,$,$10,,,,,,,,,,,,,,,,,,,,,,,,,,,,,,,,,,,,,,,,,,,,,,,,,,,,,,,,
Craigslist,https://abilene.craigslist.org/,https://oklahomacity.craigslist.org/clt/d/oklahoma-city-im-buying-baseball-and/7836748111.html,[],Fixed,I'm buying Baseball and Basketball and Football Cards,$,"$1,000",,,,,,,,,,,,,,,,,,,,,,,,,,,,,,,,,,,,,,,,,,,,,,,,,,,,,,,,
Craigslist,https://abilene.craigslist.org/,https://oklahomacity.craigslist.org/clt/d/tuttle-sports-cards/7830764555.html,"['data:image/png;base64,iVBORw0KGgoAAAANSUhEUgAAAAEAAAABCAYAAAAfFcSJAAAAAXNSR0IArs4c6QAAAAtJREFUGFdjYAACAAAFAAGq1chRAAAAAElFTkSuQmCC']",Fixed,"15,000+ SPORTS CARDS",$,"$1,000",,,,,,,,,,,,,,,,,,,,,,,,,,,,,,,,,,,,,,,,,,,,,,,,,,,,,,,,
Craigslist,https://abilene.craigslist.org/,https://houston.craigslist.org/clt/d/wellborn-sports-memorabilia/7826858893.html,"['data:image/png;base64,iVBORw0KGgoAAAANSUhEUgAAAAEAAAABCAYAAAAfFcSJAAAAAXNSR0IArs4c6QAAAAtJREFUGFdjYAACAAAFAAGq1chRAAAAAElFTkSuQmCC']",Fixed,** SPORTS MEMORABILIA **,$,$1,,,,,,,,,,,,,,,,,,,,,,,,,,,,,,,,,,,,,,,,,,,,,,,,,,,,,,,,
Craigslist,https://abilene.craigslist.org/,https://dallas.craigslist.org/ndf/clt/d/irving-star-wars-and-young-jedi-cards/7835805875.html,"['data:image/png;base64,iVBORw0KGgoAAAANSUhEUgAAAAEAAAABCAYAAAAfFcSJAAAAAXNSR0IArs4c6QAAAAtJREFUGFdjYAACAAAFAAGq1chRAAAAAElFTkSuQmCC']",Fixed,Star Wars and Young Jedi Cards,$,-,,,,,,,,,,,,,,,,,,,,,,,,,,,,,,,,,,,,,,,,,,,,,,,,,,,,,,,,
Craigslist,https://abilene.craigslist.org/,https://dallas.craigslist.org/ndf/clt/d/irving-basketball-cards/7825884831.html,"['data:image/png;base64,iVBORw0KGgoAAAANSUhEUgAAAAEAAAABCAYAAAAfFcSJAAAAAXNSR0IArs4c6QAAAAtJREFUGFdjYAACAAAFAAGq1chRAAAAAElFTkSuQmCC']",Fixed,Basketball Cards,$,-,,,,,,,,,,,,,,,,,,,,,,,,,,,,,,,,,,,,,,,,,,,,,,,,,,,,,,,,
Craigslist,https://abilene.craigslist.org/,https://dallas.craigslist.org/ndf/clt/d/irving-football-cards/7825891963.html,"['data:image/png;base64,iVBORw0KGgoAAAANSUhEUgAAAAEAAAABCAYAAAAfFcSJAAAAAXNSR0IArs4c6QAAAAtJREFUGFdjYAACAAAFAAGq1chRAAAAAElFTkSuQmCC']",Fixed,Football Cards,$,-,,,,,,,,,,,,,,,,,,,,,,,,,,,,,,,,,,,,,,,,,,,,,,,,,,,,,,,,
Craigslist,https://abilene.craigslist.org/,https://austin.craigslist.org/clt/d/austin-ice-hockey-sports-card-starter/7826619215.html,"['data:image/png;base64,iVBORw0KGgoAAAANSUhEUgAAAAEAAAABCAYAAAAfFcSJAAAAAXNSR0IArs4c6QAAAAtJREFUGFdjYAACAAAFAAGq1chRAAAAAElFTkSuQmCC']",Fixed,Ice Hockey Sports Card Starter Collection w/Binder,$,$25,,,,,,,,,,,,,,,,,,,,,,,,,,,,,,,,,,,,,,,,,,,,,,,,,,,,,,,,
Craigslist,https://abilene.craigslist.org/,https://sanantonio.craigslist.org/clt/d/san-antonio-autographed-certified-pete/7825291156.html,"['data:image/png;base64,iVBORw0KGgoAAAANSUhEUgAAAAEAAAABCAYAAAAfFcSJAAAAAXNSR0IArs4c6QAAAAtJREFUGFdjYAACAAAFAAGq1chRAAAAAElFTkSuQmCC']",Fixed,Autographed/certified Pete Rose baseball bat,$,$99,,,,,,,,,,,,,,,,,,,,,,,,,,,,,,,,,,,,,,,,,,,,,,,,,,,,,,,,
Craigslist,https://abilene.craigslist.org/,https://dallas.craigslist.org/ftw/clt/d/argyle-silver-bullion-rounds-bars-coins/7837256187.html,"['data:image/png;base64,iVBORw0KGgoAAAANSUhEUgAAAAEAAAABCAYAAAAfFcSJAAAAAXNSR0IArs4c6QAAAAtJREFUGFdjYAACAAAFAAGq1chRAAAAAElFTkSuQmCC']",Fixed,"Silver Bullion -- Rounds, Bars, Coins from Estate",$,$1,,,,,,,,,,,,,,,,,,,,,,,,,,,,,,,,,,,,,,,,,,,,,,,,,,,,,,,,
Craigslist,https://abilene.craigslist.org/,https://dallas.craigslist.org/dal/clt/d/prosper-toy-car-and-truck-collectibles/7813788067.html,[],Fixed,"Toy Car and Truck Collectibles: Mobil, Ertl, Hot Wheels",$,$1,,,,,,,,,,,,,,,,,,,,,,,,,,,,,,,,,,,,,,,,,,,,,,,,,,,,,,,,
Craigslist,https://abilene.craigslist.org/,https://dallas.craigslist.org/ndf/clt/d/plano-upper-deck-employee-card-set-2016/7815111039.html,"['data:image/png;base64,iVBORw0KGgoAAAANSUhEUgAAAAEAAAABCAYAAAAfFcSJAAAAAXNSR0IArs4c6QAAAAtJREFUGFdjYAACAAAFAAGq1chRAAAAAElFTkSuQmCC']",Fixed,Upper Deck Employee Card Set- 2016,$,"$4,000",,,,,,,,,,,,,,,,,,,,,,,,,,,,,,,,,,,,,,,,,,,,,,,,,,,,,,,,
Craigslist,https://abilene.craigslist.org/,https://sanmarcos.craigslist.org/clt/d/san-marcos-sports-card-collection-lot/7833281462.html,"['data:image/png;base64,iVBORw0KGgoAAAANSUhEUgAAAAEAAAABCAYAAAAfFcSJAAAAAXNSR0IArs4c6QAAAAtJREFUGFdjYAACAAAFAAGq1chRAAAAAElFTkSuQmCC']",Fixed,Sports Card Collection Lot Football/Baseball,$,$375,,,,,,,,,,,,,,,,,,,,,,,,,,,,,,,,,,,,,,,,,,,,,,,,,,,,,,,,
Craigslist,https://abilene.craigslist.org/,https://dallas.craigslist.org/ftw/clt/d/fort-worth-savage-sword-of-conan/7836972639.html,[],Fixed,Savage Sword of Conan Magazines,$,-,,,,,,,,,,,,,,,,,,,,,,,,,,,,,,,,,,,,,,,,,,,,,,,,,,,,,,,,
Craigslist,https://abilene.craigslist.org/,https://dallas.craigslist.org/ftw/clt/d/fort-worth-100s-of-marvel-comics-for/7836972377.html,"['data:image/png;base64,iVBORw0KGgoAAAANSUhEUgAAAAEAAAABCAYAAAAfFcSJAAAAAXNSR0IArs4c6QAAAAtJREFUGFdjYAACAAAFAAGq1chRAAAAAElFTkSuQmCC']",Fixed,100s of Marvel Comics for Sale - Lone Star Antiques,$,-,,,,,,,,,,,,,,,,,,,,,,,,,,,,,,,,,,,,,,,,,,,,,,,,,,,,,,,,
Craigslist,https://abilene.craigslist.org/,https://dallas.craigslist.org/ftw/clt/d/fort-worth-the-time-machine-comics-more/7836972232.html,"['data:image/png;base64,iVBORw0KGgoAAAANSUhEUgAAAAEAAAABCAYAAAAfFcSJAAAAAXNSR0IArs4c6QAAAAtJREFUGFdjYAACAAAFAAGq1chRAAAAAElFTkSuQmCC']",Fixed,The Time Machine Comics & More Store,$,-,,,,,,,,,,,,,,,,,,,,,,,,,,,,,,,,,,,,,,,,,,,,,,,,,,,,,,,,
Craigslist,https://abilene.craigslist.org/,https://dallas.craigslist.org/ftw/clt/d/fort-worth-100s-of-vintage-political/7836972088.html,"['data:image/png;base64,iVBORw0KGgoAAAANSUhEUgAAAAEAAAABCAYAAAAfFcSJAAAAAXNSR0IArs4c6QAAAAtJREFUGFdjYAACAAAFAAGq1chRAAAAAElFTkSuQmCC']",Fixed,100s of Vintage Political Buttons & Bumper Stickers,$,-,,,,,,,,,,,,,,,,,,,,,,,,,,,,,,,,,,,,,,,,,,,,,,,,,,,,,,,,
Craigslist,https://abilene.craigslist.org/,https://austin.craigslist.org/clt/d/dripping-springs-box-of-collectibles/7836806764.html,"['data:image/png;base64,iVBORw0KGgoAAAANSUhEUgAAAAEAAAABCAYAAAAfFcSJAAAAAXNSR0IArs4c6QAAAAtJREFUGFdjYAACAAAFAAGq1chRAAAAAElFTkSuQmCC']",Fixed,Box of collectibles,$,$100,,,,,,,,,,,,,,,,,,,,,,,,,,,,,,,,,,,,,,,,,,,,,,,,,,,,,,,,
Craigslist,https://abilene.craigslist.org/,https://dallas.craigslist.org/ndf/clt/d/irving-wizards-magazines/7825890229.html,"['data:image/png;base64,iVBORw0KGgoAAAANSUhEUgAAAAEAAAABCAYAAAAfFcSJAAAAAXNSR0IArs4c6QAAAAtJREFUGFdjYAACAAAFAAGq1chRAAAAAElFTkSuQmCC']",Fixed,Wizards Magazines,$,-,,,,,,,,,,,,,,,,,,,,,,,,,,,,,,,,,,,,,,,,,,,,,,,,,,,,,,,,
Craigslist,https://abilene.craigslist.org/,https://dallas.craigslist.org/ndf/clt/d/irving-small-baseball-card-sets/7830336259.html,"['data:image/png;base64,iVBORw0KGgoAAAANSUhEUgAAAAEAAAABCAYAAAAfFcSJAAAAAXNSR0IArs4c6QAAAAtJREFUGFdjYAACAAAFAAGq1chRAAAAAElFTkSuQmCC']",Fixed,Small Baseball Card Sets,$,-,,,,,,,,,,,,,,,,,,,,,,,,,,,,,,,,,,,,,,,,,,,,,,,,,,,,,,,,
Craigslist,https://abilene.craigslist.org/,https://dallas.craigslist.org/dal/clt/d/arlington-pokemon-cards-graded-charizard/7831820865.html,"['data:image/png;base64,iVBORw0KGgoAAAANSUhEUgAAAAEAAAABCAYAAAAfFcSJAAAAAXNSR0IArs4c6QAAAAtJREFUGFdjYAACAAAFAAGq1chRAAAAAElFTkSuQmCC']",Fixed,Pokemon cards graded charizard,$,$20,,,,,,,,,,,,,,,,,,,,,,,,,,,,,,,,,,,,,,,,,,,,,,,,,,,,,,,,
Craigslist,https://abilene.craigslist.org/,https://killeen.craigslist.org/clt/d/kempner-football-baseball-cards/7830749865.html,"['data:image/png;base64,iVBORw0KGgoAAAANSUhEUgAAAAEAAAABCAYAAAAfFcSJAAAAAXNSR0IArs4c6QAAAAtJREFUGFdjYAACAAAFAAGq1chRAAAAAElFTkSuQmCC']",Fixed,Football/Baseball Cards,$,$50,,,,,,,,,,,,,,,,,,,,,,,,,,,,,,,,,,,,,,,,,,,,,,,,,,,,,,,,
Craigslist,https://abilene.craigslist.org/,https://dallas.craigslist.org/ndf/clt/d/richardson-share-with-your-wife/7816600753.html,"['data:image/png;base64,iVBORw0KGgoAAAANSUhEUgAAAAEAAAABCAYAAAAfFcSJAAAAAXNSR0IArs4c6QAAAAtJREFUGFdjYAACAAAFAAGq1chRAAAAAElFTkSuQmCC']",Fixed,"SHARE WITH YOUR WIFE, GIRLFRIEND, MOM, ETC. FOR UNIQUE GIFTS!",$,$3,,,,,,,,,,,,,,,,,,,,,,,,,,,,,,,,,,,,,,,,,,,,,,,,,,,,,,,,
Craigslist,https://abilene.craigslist.org/,https://dallas.craigslist.org/ndf/clt/d/the-colony-ryan-newman-nascar-driver/7833788160.html,"['data:image/png;base64,iVBORw0KGgoAAAANSUhEUgAAAAEAAAABCAYAAAAfFcSJAAAAAXNSR0IArs4c6QAAAAtJREFUGFdjYAACAAAFAAGq1chRAAAAAElFTkSuQmCC']",Fixed,Ryan Newman NASCAR Driver Autographed Hero Card,$,$20,,,,,,,,,,,,,,,,,,,,,,,,,,,,,,,,,,,,,,,,,,,,,,,,,,,,,,,,
Craigslist,https://abilene.craigslist.org/,https://oklahomacity.craigslist.org/clt/d/tuttle-buy-or-consigning-sports-cards/7826236001.html,[],Fixed,BUY OR CONSIGNING SPORTS CARDS,$,$1,,,,,,,,,,,,,,,,,,,,,,,,,,,,,,,,,,,,,,,,,,,,,,,,,,,,,,,,
Craigslist,https://abilene.craigslist.org/,https://dallas.craigslist.org/ndf/clt/d/roanoke-wanted-sports-cards-pokemon/7825773420.html,"['data:image/png;base64,iVBORw0KGgoAAAANSUhEUgAAAAEAAAABCAYAAAAfFcSJAAAAAXNSR0IArs4c6QAAAAtJREFUGFdjYAACAAAFAAGq1chRAAAAAElFTkSuQmCC']",Fixed,WANTED: SPORTS CARDS & POKEMON CARDS - BUYING YOUR COLLECTION.,$,"$1,000",,,,,,,,,,,,,,,,,,,,,,,,,,,,,,,,,,,,,,,,,,,,,,,,,,,,,,,,
Craigslist,https://abilene.craigslist.org/,https://dallas.craigslist.org/dal/clt/d/waxahachie-green-bay-packers-brett/7827904601.html,"['data:image/png;base64,iVBORw0KGgoAAAANSUhEUgAAAAEAAAABCAYAAAAfFcSJAAAAAXNSR0IArs4c6QAAAAtJREFUGFdjYAACAAAFAAGq1chRAAAAAElFTkSuQmCC']",Fixed,Green Bay Packers Brett Favre Mike McCarthy Autographed Signed Memorab,$,$100,,,,,,,,,,,,,,,,,,,,,,,,,,,,,,,,,,,,,,,,,,,,,,,,,,,,,,,,
Craigslist,https://abilene.craigslist.org/,https://dallas.craigslist.org/dal/clt/d/waxahachie-charlie-trippi-autographed/7827904518.html,"['data:image/png;base64,iVBORw0KGgoAAAANSUhEUgAAAAEAAAABCAYAAAAfFcSJAAAAAXNSR0IArs4c6QAAAAtJREFUGFdjYAACAAAFAAGq1chRAAAAAElFTkSuQmCC']",Fixed,Charlie Trippi Autographed Collection Hall of Fame,$,$300,,,,,,,,,,,,,,,,,,,,,,,,,,,,,,,,,,,,,,,,,,,,,,,,,,,,,,,,
Craigslist,https://abilene.craigslist.org/,https://dallas.craigslist.org/mdf/clt/d/arlington-come-on-out/7824533967.html,"['data:image/png;base64,iVBORw0KGgoAAAANSUhEUgAAAAEAAAABCAYAAAAfFcSJAAAAAXNSR0IArs4c6QAAAAtJREFUGFdjYAACAAAFAAGq1chRAAAAAElFTkSuQmCC']",Fixed,Come on out,$,-,,,,,,,,,,,,,,,,,,,,,,,,,,,,,,,,,,,,,,,,,,,,,,,,,,,,,,,,
Craigslist,https://abilene.craigslist.org/,https://dallas.craigslist.org/dal/clt/d/cleburne-basketball-card-collection-in/7826245030.html,"['data:image/png;base64,iVBORw0KGgoAAAANSUhEUgAAAAEAAAABCAYAAAAfFcSJAAAAAXNSR0IArs4c6QAAAAtJREFUGFdjYAACAAAFAAGq1chRAAAAAElFTkSuQmCC']",Fixed,"Basketball Card Collection, In Case, Rookies, HOFs, 1972-2021",$,"$1,700",,,,,,,,,,,,,,,,,,,,,,,,,,,,,,,,,,,,,,,,,,,,,,,,,,,,,,,,
Craigslist,https://abilene.craigslist.org/,https://sanantonio.craigslist.org/clt/d/san-antonio-pokmon-collection/7826117551.html,"['data:image/png;base64,iVBORw0KGgoAAAANSUhEUgAAAAEAAAABCAYAAAAfFcSJAAAAAXNSR0IArs4c6QAAAAtJREFUGFdjYAACAAAFAAGq1chRAAAAAElFTkSuQmCC']",Fixed,Pokémon collection,$,$600,,,,,,,,,,,,,,,,,,,,,,,,,,,,,,,,,,,,,,,,,,,,,,,,,,,,,,,,
Craigslist,https://abilene.craigslist.org/,,[],Fixed,Unknown,$,-,,,,,,,,,,,,,,,,,,,,,,,,,,,,,,,,,,,,,,,,,,,,,,,,,,,,,,,,
Craigslist,https://akroncanton.craigslist.org/,https://akroncanton.craigslist.org/clt/d/canton-huge-premium-star-and-hof-sports/7831915973.html,['https://images.craigslist.org/d/7831915973/01010_alXYnKPYTtJ_0CI0t9_300x300.jpg'],Fixed,Huge Premium Star and HOF Sports Cards Collection Numbered Cards Autos SP Insert,$,$900,,,,,,,,,,,,,,,,,,,,,,,,,,,,,,,,,,,,,,,,,,,,,,,,,,,,,,,,
Craigslist,https://akroncanton.craigslist.org/,https://akroncanton.craigslist.org/clt/d/north-lawrence-vintage-1921-exhibit/7832177525.html,['https://images.craigslist.org/d/7832177525/01313_kRskLj9AQyX_0CI0t2_300x300.jpg'],Fixed,Vintage 1921 Exhibit Supply Co. Boxing Post Cards,$,$100,,,,,,,,,,,,,,,,,,,,,,,,,,,,,,,,,,,,,,,,,,,,,,,,,,,,,,,,
Craigslist,https://akroncanton.craigslist.org/,https://akroncanton.craigslist.org/clt/d/canton-paying-cash-for-sports-cards/7830222265.html,['https://images.craigslist.org/d/7830222265/01717_3MeCOyRECAc_0pO0CI_300x300.jpg'],Fixed,Paying Cash for Sports Cards,$,$1,,,,,,,,,,,,,,,,,,,,,,,,,,,,,,,,,,,,,,,,,,,,,,,,,,,,,,,,
Craigslist,https://akroncanton.craigslist.org/,https://akroncanton.craigslist.org/clt/d/canton-super-rare-unreleased-nike-la/7824878565.html,['https://images.craigslist.org/d/7824878565/00i0i_5p0fm8Xgumq_0t90CI_300x300.jpg'],Fixed,SUPER RARE Unreleased Nike LA Lakers 1972 Championship Promo Baseball Cleats 15,$,$100,,,,,,,,,,,,,,,,,,,,,,,,,,,,,,,,,,,,,,,,,,,,,,,,,,,,,,,,
Craigslist,https://akroncanton.craigslist.org/,https://akroncanton.craigslist.org/clt/d/lakemore-contents-of-two-20x20-storage/7836438440.html,[],Fixed,Contents of two 20x20 storage unit,$,$1,,,,,,,,,,,,,,,,,,,,,,,,,,,,,,,,,,,,,,,,,,,,,,,,,,,,,,,,
Craigslist,https://akroncanton.craigslist.org/,https://akroncanton.craigslist.org/clt/d/canton-just-pulled-2024-prizm-fotl/7821295965.html,['https://images.craigslist.org/d/7821295965/00i0i_lNCDhRY10Tt_0t90CI_300x300.jpg'],Fixed,Just Pulled 2024 Prizm FOTL Exclusive Drew Brees Green Shimmer /5 SSP Gem Mint,$,$240,,,,,,,,,,,,,,,,,,,,,,,,,,,,,,,,,,,,,,,,,,,,,,,,,,,,,,,,
Craigslist,https://akroncanton.craigslist.org/,https://akroncanton.craigslist.org/clt/d/canton-paying-cash-for-sports-cards/7820820264.html,['https://images.craigslist.org/d/7820820264/00g0g_8l3T8pYt2jI_0pO0CI_300x300.jpg'],Fixed,Paying Cash For Sports Cards,$,$1,,,,,,,,,,,,,,,,,,,,,,,,,,,,,,,,,,,,,,,,,,,,,,,,,,,,,,,,
Craigslist,https://akroncanton.craigslist.org/,https://akroncanton.craigslist.org/clt/d/hartville-zach-wilson-groovin-wikd-card/7822985351.html,"['https://images.craigslist.org/d/7822985351/00h0h_dyxbExytrU2_0j60p8_300x300.jpg', 'data:image/png;base64,iVBORw0KGgoAAAANSUhEUgAAAAEAAAABCAYAAAAfFcSJAAAAAXNSR0IArs4c6QAAAAtJREFUGFdjYAACAAAFAAGq1chRAAAAAElFTkSuQmCC']",Fixed,ZACH WILSON Groovin Wikd Card 2021 GG-2,$,$12,,,,,,,,,,,,,,,,,,,,,,,,,,,,,,,,,,,,,,,,,,,,,,,,,,,,,,,,
Craigslist,https://akroncanton.craigslist.org/,https://pittsburgh.craigslist.org/clt/d/south-park-looking-for-sports-cards/7825658941.html,[],Fixed,Looking for Sports Cards,$,$1,,,,,,,,,,,,,,,,,,,,,,,,,,,,,,,,,,,,,,,,,,,,,,,,,,,,,,,,
Craigslist,https://akroncanton.craigslist.org/,https://erie.craigslist.org/clt/d/erie-looking-to-buy-sports-cards/7813790824.html,"['data:image/png;base64,iVBORw0KGgoAAAANSUhEUgAAAAEAAAABCAYAAAAfFcSJAAAAAXNSR0IArs4c6QAAAAtJREFUGFdjYAACAAAFAAGq1chRAAAAAElFTkSuQmCC']",Fixed,"Looking to Buy Sports Cards - Baseball, Basketball, Football, Hockey",$,-,,,,,,,,,,,,,,,,,,,,,,,,,,,,,,,,,,,,,,,,,,,,,,,,,,,,,,,,
Craigslist,https://akroncanton.craigslist.org/,https://rochester.craigslist.org/clt/d/rochester-vintage-hockey-cards-sports/7835675211.html,"['data:image/png;base64,iVBORw0KGgoAAAANSUhEUgAAAAEAAAABCAYAAAAfFcSJAAAAAXNSR0IArs4c6QAAAAtJREFUGFdjYAACAAAFAAGq1chRAAAAAElFTkSuQmCC']",Fixed,Vintage Hockey Cards/ Sports Cards,$,$1,,,,,,,,,,,,,,,,,,,,,,,,,,,,,,,,,,,,,,,,,,,,,,,,,,,,,,,,
Craigslist,https://akroncanton.craigslist.org/,https://rochester.craigslist.org/clt/d/rochester-1991-boris-vallejo-sealed-box/7833818290.html,"['data:image/png;base64,iVBORw0KGgoAAAANSUhEUgAAAAEAAAABCAYAAAAfFcSJAAAAAXNSR0IArs4c6QAAAAtJREFUGFdjYAACAAAFAAGq1chRAAAAAElFTkSuQmCC']",Fixed,1991 Boris Vallejo Sealed Box and Series 1 Trading Card Set/ Sports Cards,$,$45,,,,,,,,,,,,,,,,,,,,,,,,,,,,,,,,,,,,,,,,,,,,,,,,,,,,,,,,
Craigslist,https://akroncanton.craigslist.org/,https://rochester.craigslist.org/clt/d/rochester-1991-boris-vallejo-fantasy/7828463279.html,"['data:image/png;base64,iVBORw0KGgoAAAANSUhEUgAAAAEAAAABCAYAAAAfFcSJAAAAAXNSR0IArs4c6QAAAAtJREFUGFdjYAACAAAFAAGq1chRAAAAAElFTkSuQmCC']",Fixed,1991 Boris Vallejo Fantasy Cards Complete Series 1 and 2 sets. /Sports cards,$,$20,,,,,,,,,,,,,,,,,,,,,,,,,,,,,,,,,,,,,,,,,,,,,,,,,,,,,,,,
Craigslist,https://akroncanton.craigslist.org/,https://rochester.craigslist.org/clt/d/rochester-1989-st-louis-cardinals-us/7816101324.html,"['data:image/png;base64,iVBORw0KGgoAAAANSUhEUgAAAAEAAAABCAYAAAAfFcSJAAAAAXNSR0IArs4c6QAAAAtJREFUGFdjYAACAAAFAAGq1chRAAAAAElFTkSuQmCC']",Fixed,1989 St Louis Cardinals/US Forest Service Baseball Card Set / Sports Cards,$,$5,,,,,,,,,,,,,,,,,,,,,,,,,,,,,,,,,,,,,,,,,,,,,,,,,,,,,,,,
Craigslist,https://akroncanton.craigslist.org/,https://rochester.craigslist.org/clt/d/rochester-1998-pacific-home-run-history/7814972614.html,"['data:image/png;base64,iVBORw0KGgoAAAANSUhEUgAAAAEAAAABCAYAAAAfFcSJAAAAAXNSR0IArs4c6QAAAAtJREFUGFdjYAACAAAFAAGq1chRAAAAAElFTkSuQmCC']",Fixed,"1998 Pacific Home Run History Set ,sports cards",$,$5,,,,,,,,,,,,,,,,,,,,,,,,,,,,,,,,,,,,,,,,,,,,,,,,,,,,,,,,
Craigslist,https://akroncanton.craigslist.org/,https://rochester.craigslist.org/clt/d/rochester-hockey-cards-sports-cards/7837496955.html,"['data:image/png;base64,iVBORw0KGgoAAAANSUhEUgAAAAEAAAABCAYAAAAfFcSJAAAAAXNSR0IArs4c6QAAAAtJREFUGFdjYAACAAAFAAGq1chRAAAAAElFTkSuQmCC']",Fixed,"Hockey Cards, sports cards.",$,$30,,,,,,,,,,,,,,,,,,,,,,,,,,,,,,,,,,,,,,,,,,,,,,,,,,,,,,,,
Craigslist,https://akroncanton.craigslist.org/,https://cleveland.craigslist.org/clt/d/north-ridgeville-wanted-old-coins-and/7837412708.html,[],Fixed,WANTED: OLD COINS AND SPORTS CARDS,$,"$1,000",,,,,,,,,,,,,,,,,,,,,,,,,,,,,,,,,,,,,,,,,,,,,,,,,,,,,,,,
Craigslist,https://akroncanton.craigslist.org/,https://buffalo.craigslist.org/clt/d/youngstown-comics-sports-card-trading/7837366174.html,[],Fixed,"Comics, Sports Card, Trading Cards & Sometimes More For Sale",$,$1,,,,,,,,,,,,,,,,,,,,,,,,,,,,,,,,,,,,,,,,,,,,,,,,,,,,,,,,
Craigslist,https://akroncanton.craigslist.org/,https://cleveland.craigslist.org/clt/d/cleveland-sports-card-collection-about/7818925346.html,"['data:image/png;base64,iVBORw0KGgoAAAANSUhEUgAAAAEAAAABCAYAAAAfFcSJAAAAAXNSR0IArs4c6QAAAAtJREFUGFdjYAACAAAFAAGq1chRAAAAAElFTkSuQmCC']",Fixed,Sports Card Collection About 5000 Cards - Rookies - Stars Etc.,$,"$1,375",,,,,,,,,,,,,,,,,,,,,,,,,,,,,,,,,,,,,,,,,,,,,,,,,,,,,,,,
Craigslist,https://akroncanton.craigslist.org/,https://buffalo.craigslist.org/clt/d/stafford-baseball-football-hockey/7837307515.html,"['data:image/png;base64,iVBORw0KGgoAAAANSUhEUgAAAAEAAAABCAYAAAAfFcSJAAAAAXNSR0IArs4c6QAAAAtJREFUGFdjYAACAAAFAAGq1chRAAAAAElFTkSuQmCC']",Fixed,"Baseball, Football, Hockey, & Basketball Sports Cards Sets & Singles",$,-,,,,,,,,,,,,,,,,,,,,,,,,,,,,,,,,,,,,,,,,,,,,,,,,,,,,,,,,
Craigslist,https://akroncanton.craigslist.org/,https://rochester.craigslist.org/clt/d/stafford-baseball-football-hockey/7837307490.html,"['data:image/png;base64,iVBORw0KGgoAAAANSUhEUgAAAAEAAAABCAYAAAAfFcSJAAAAAXNSR0IArs4c6QAAAAtJREFUGFdjYAACAAAFAAGq1chRAAAAAElFTkSuQmCC']",Fixed,"Baseball, Football, Hockey, & Basketball Sports Cards Sets & Singles",$,-,,,,,,,,,,,,,,,,,,,,,,,,,,,,,,,,,,,,,,,,,,,,,,,,,,,,,,,,
Craigslist,https://akroncanton.craigslist.org/,https://pittsburgh.craigslist.org/clt/d/pittsburgh-hockey-basketball-sports/7827541998.html,"['data:image/png;base64,iVBORw0KGgoAAAANSUhEUgAAAAEAAAABCAYAAAAfFcSJAAAAAXNSR0IArs4c6QAAAAtJREFUGFdjYAACAAAFAAGq1chRAAAAAElFTkSuQmCC']",Fixed,Hockey & Basketball Sports Cards,$,$25,,,,,,,,,,,,,,,,,,,,,,,,,,,,,,,,,,,,,,,,,,,,,,,,,,,,,,,,
Craigslist,https://akroncanton.craigslist.org/,https://flint.craigslist.org/clt/d/otisville-vintage-sports-cards-lot/7814015850.html,"['data:image/png;base64,iVBORw0KGgoAAAANSUhEUgAAAAEAAAABCAYAAAAfFcSJAAAAAXNSR0IArs4c6QAAAAtJREFUGFdjYAACAAAFAAGq1chRAAAAAElFTkSuQmCC']",Fixed,Vintage Sports Cards LOT,$,"$1,250",,,,,,,,,,,,,,,,,,,,,,,,,,,,,,,,,,,,,,,,,,,,,,,,,,,,,,,,
Craigslist,https://akroncanton.craigslist.org/,https://detroit.craigslist.org/mcb/clt/d/davison-nascarsports-itemscards-to-many/7835676057.html,[],Fixed,"nascar,sports items,cards to many to list",$,$5,,,,,,,,,,,,,,,,,,,,,,,,,,,,,,,,,,,,,,,,,,,,,,,,,,,,,,,,
Craigslist,https://akroncanton.craigslist.org/,https://cleveland.craigslist.org/clt/d/lorain-sports-trading-cards-basketball/7834296918.html,"['data:image/png;base64,iVBORw0KGgoAAAANSUhEUgAAAAEAAAABCAYAAAAfFcSJAAAAAXNSR0IArs4c6QAAAAtJREFUGFdjYAACAAAFAAGq1chRAAAAAElFTkSuQmCC']",Fixed,"Sports Trading Cards - Basketball, Football, Hockey, Baseball, Bowling",$,-,,,,,,,,,,,,,,,,,,,,,,,,,,,,,,,,,,,,,,,,,,,,,,,,,,,,,,,,
Craigslist,https://akroncanton.craigslist.org/,https://pittsburgh.craigslist.org/clt/d/pittsburgh-66-barry-bonds-rookie-sports/7819608568.html,"['data:image/png;base64,iVBORw0KGgoAAAANSUhEUgAAAAEAAAABCAYAAAAfFcSJAAAAAXNSR0IArs4c6QAAAAtJREFUGFdjYAACAAAFAAGq1chRAAAAAElFTkSuQmCC']",Fixed,66 BARRY BONDS ROOKIE SPORTS CARDS BASEBALL CARDS,$,$200,,,,,,,,,,,,,,,,,,,,,,,,,,,,,,,,,,,,,,,,,,,,,,,,,,,,,,,,
Craigslist,https://akroncanton.craigslist.org/,https://erie.craigslist.org/clt/d/mc-kean-framed-uncut-nascar-sports-cards/7829094997.html,"['data:image/png;base64,iVBORw0KGgoAAAANSUhEUgAAAAEAAAABCAYAAAAfFcSJAAAAAXNSR0IArs4c6QAAAAtJREFUGFdjYAACAAAFAAGq1chRAAAAAElFTkSuQmCC']",Fixed,Framed Uncut Nascar Sports Cards,$,$50,,,,,,,,,,,,,,,,,,,,,,,,,,,,,,,,,,,,,,,,,,,,,,,,,,,,,,,,
Craigslist,https://akroncanton.craigslist.org/,https://erie.craigslist.org/clt/d/erie-sports-cards/7835688540.html,"['data:image/png;base64,iVBORw0KGgoAAAANSUhEUgAAAAEAAAABCAYAAAAfFcSJAAAAAXNSR0IArs4c6QAAAAtJREFUGFdjYAACAAAFAAGq1chRAAAAAElFTkSuQmCC']",Fixed,Sports cards,$,$50,,,,,,,,,,,,,,,,,,,,,,,,,,,,,,,,,,,,,,,,,,,,,,,,,,,,,,,,
Craigslist,https://akroncanton.craigslist.org/,https://pittsburgh.craigslist.org/clt/d/bethel-park-magnetic-protective-card/7836359204.html,"['data:image/png;base64,iVBORw0KGgoAAAANSUhEUgAAAAEAAAABCAYAAAAfFcSJAAAAAXNSR0IArs4c6QAAAAtJREFUGFdjYAACAAAFAAGq1chRAAAAAElFTkSuQmCC']",Fixed,"Magnetic protective card holders (Sports cards, Pokemon, Magic the Gat",$,$2,,,,,,,,,,,,,,,,,,,,,,,,,,,,,,,,,,,,,,,,,,,,,,,,,,,,,,,,
Craigslist,https://akroncanton.craigslist.org/,https://rochester.craigslist.org/clt/d/east-rochester-asap-sports-cards/7834885109.html,"['data:image/png;base64,iVBORw0KGgoAAAANSUhEUgAAAAEAAAABCAYAAAAfFcSJAAAAAXNSR0IArs4c6QAAAAtJREFUGFdjYAACAAAFAAGq1chRAAAAAElFTkSuQmCC']",Fixed,ASAP SPORTS CARDS,$,"$25,000",,,,,,,,,,,,,,,,,,,,,,,,,,,,,,,,,,,,,,,,,,,,,,,,,,,,,,,,
Craigslist,https://akroncanton.craigslist.org/,https://rochester.craigslist.org/clt/d/east-rochester-asap-sports-cards/7834884286.html,"['data:image/png;base64,iVBORw0KGgoAAAANSUhEUgAAAAEAAAABCAYAAAAfFcSJAAAAAXNSR0IArs4c6QAAAAtJREFUGFdjYAACAAAFAAGq1chRAAAAAElFTkSuQmCC']",Fixed,ASAP SPORTS CARDS,$,"$25,000",,,,,,,,,,,,,,,,,,,,,,,,,,,,,,,,,,,,,,,,,,,,,,,,,,,,,,,,
Craigslist,https://akroncanton.craigslist.org/,https://rochester.craigslist.org/clt/d/east-rochester-asap-sports-cards-asap/7835245571.html,"['data:image/png;base64,iVBORw0KGgoAAAANSUhEUgAAAAEAAAABCAYAAAAfFcSJAAAAAXNSR0IArs4c6QAAAAtJREFUGFdjYAACAAAFAAGq1chRAAAAAElFTkSuQmCC']",Fixed,ASAP SPORTS CARDS ASAP,$,"$5,000",,,,,,,,,,,,,,,,,,,,,,,,,,,,,,,,,,,,,,,,,,,,,,,,,,,,,,,,
Craigslist,https://akroncanton.craigslist.org/,https://rochester.craigslist.org/clt/d/east-rochester-sports-cards-asap/7834883958.html,"['data:image/png;base64,iVBORw0KGgoAAAANSUhEUgAAAAEAAAABCAYAAAAfFcSJAAAAAXNSR0IArs4c6QAAAAtJREFUGFdjYAACAAAFAAGq1chRAAAAAElFTkSuQmCC']",Fixed,Sports cards ASAP,$,"$25,000",,,,,,,,,,,,,,,,,,,,,,,,,,,,,,,,,,,,,,,,,,,,,,,,,,,,,,,,
Craigslist,https://akroncanton.craigslist.org/,https://youngstown.craigslist.org/clt/d/youngstown-comicssports-cardsold-gen/7836120856.html,"['data:image/png;base64,iVBORw0KGgoAAAANSUhEUgAAAAEAAAABCAYAAAAfFcSJAAAAAXNSR0IArs4c6QAAAAtJREFUGFdjYAACAAAFAAGq1chRAAAAAElFTkSuQmCC']",Fixed,"Comics,Sports cards,Old gen consoles",$,$150,,,,,,,,,,,,,,,,,,,,,,,,,,,,,,,,,,,,,,,,,,,,,,,,,,,,,,,,
Craigslist,https://akroncanton.craigslist.org/,https://buffalo.craigslist.org/clt/d/tonawanda-new-cards-pokemon-tins/7828398638.html,"['data:image/png;base64,iVBORw0KGgoAAAANSUhEUgAAAAEAAAABCAYAAAAfFcSJAAAAAXNSR0IArs4c6QAAAAtJREFUGFdjYAACAAAFAAGq1chRAAAAAElFTkSuQmCC']",Fixed,"NEW cards! Pokemon Tins + singles, All Sports Autos, Numbered, Rookie",$,-,,,,,,,,,,,,,,,,,,,,,,,,,,,,,,,,,,,,,,,,,,,,,,,,,,,,,,,,
Craigslist,https://akroncanton.craigslist.org/,https://columbus.craigslist.org/clt/d/columbus-sports-cards/7835842897.html,"['data:image/png;base64,iVBORw0KGgoAAAANSUhEUgAAAAEAAAABCAYAAAAfFcSJAAAAAXNSR0IArs4c6QAAAAtJREFUGFdjYAACAAAFAAGq1chRAAAAAElFTkSuQmCC']",Fixed,Sports Cards,$,$100,,,,,,,,,,,,,,,,,,,,,,,,,,,,,,,,,,,,,,,,,,,,,,,,,,,,,,,,
Craigslist,https://akroncanton.craigslist.org/,https://flint.craigslist.org/clt/d/davison-nascarsports-itemscards-to-many/7835673900.html,[],Fixed,"nascar,sports items,cards to many to list",$,$5,,,,,,,,,,,,,,,,,,,,,,,,,,,,,,,,,,,,,,,,,,,,,,,,,,,,,,,,
Craigslist,https://akroncanton.craigslist.org/,https://pittsburgh.craigslist.org/clt/d/pittsburgh-50k-common-sports-cards-for/7835313919.html,"['data:image/png;base64,iVBORw0KGgoAAAANSUhEUgAAAAEAAAABCAYAAAAfFcSJAAAAAXNSR0IArs4c6QAAAAtJREFUGFdjYAACAAAFAAGq1chRAAAAAElFTkSuQmCC']",Fixed,50K+ Common Sports Cards for Sale,$,"$1,000",,,,,,,,,,,,,,,,,,,,,,,,,,,,,,,,,,,,,,,,,,,,,,,,,,,,,,,,
Craigslist,https://akroncanton.craigslist.org/,https://buffalo.craigslist.org/clt/d/buffalo-sports-cards-for-sale/7835280880.html,[],Fixed,SPORTS CARDS FOR SALE!!,$,-,,,,,,,,,,,,,,,,,,,,,,,,,,,,,,,,,,,,,,,,,,,,,,,,,,,,,,,,
Craigslist,https://akroncanton.craigslist.org/,https://frederick.craigslist.org/clt/d/frederick-want-to-buy-your-sports-cards/7827884818.html,[],Fixed,I want to buy your sports cards$$$$$,$,$500,,,,,,,,,,,,,,,,,,,,,,,,,,,,,,,,,,,,,,,,,,,,,,,,,,,,,,,,
Craigslist,https://akroncanton.craigslist.org/,https://pittsburgh.craigslist.org/clt/d/bethel-park-sports-cards-sets/7833174251.html,"['data:image/png;base64,iVBORw0KGgoAAAANSUhEUgAAAAEAAAABCAYAAAAfFcSJAAAAAXNSR0IArs4c6QAAAAtJREFUGFdjYAACAAAFAAGq1chRAAAAAElFTkSuQmCC']",Fixed,sports cards sets,$,$150,,,,,,,,,,,,,,,,,,,,,,,,,,,,,,,,,,,,,,,,,,,,,,,,,,,,,,,,
Craigslist,https://akroncanton.craigslist.org/,https://detroit.craigslist.org/okl/clt/d/west-bloomfield-man-cave-sports-cards/7834456673.html,[],Fixed,Man cave sports cards and memorabilia,$,-,,,,,,,,,,,,,,,,,,,,,,,,,,,,,,,,,,,,,,,,,,,,,,,,,,,,,,,,
Craigslist,https://akroncanton.craigslist.org/,https://lansing.craigslist.org/clt/d/dewitt-decks-of-sports-playing-cards/7834437066.html,"['data:image/png;base64,iVBORw0KGgoAAAANSUhEUgAAAAEAAAABCAYAAAAfFcSJAAAAAXNSR0IArs4c6QAAAAtJREFUGFdjYAACAAAFAAGq1chRAAAAAElFTkSuQmCC']",Fixed,2 Decks of Sports Playing Cards,$,$10,,,,,,,,,,,,,,,,,,,,,,,,,,,,,,,,,,,,,,,,,,,,,,,,,,,,,,,,
Craigslist,https://akroncanton.craigslist.org/,https://cincinnati.craigslist.org/clt/d/dayton-buying-60s-and-70s-sports-cards/7834356698.html,[],Fixed,Buying 60s and 70s sports cards,$,$1,,,,,,,,,,,,,,,,,,,,,,,,,,,,,,,,,,,,,,,,,,,,,,,,,,,,,,,,
Craigslist,https://akroncanton.craigslist.org/,https://dayton.craigslist.org/clt/d/dayton-buying-60s-and-70s-sports-cards/7834355686.html,[],Fixed,Buying 60s and 70s sports cards,$,$1,,,,,,,,,,,,,,,,,,,,,,,,,,,,,,,,,,,,,,,,,,,,,,,,,,,,,,,,
Craigslist,https://akroncanton.craigslist.org/,https://southbend.craigslist.org/clt/d/south-bend-sports-trading-cards/7833987104.html,"['data:image/png;base64,iVBORw0KGgoAAAANSUhEUgAAAAEAAAABCAYAAAAfFcSJAAAAAXNSR0IArs4c6QAAAAtJREFUGFdjYAACAAAFAAGq1chRAAAAAElFTkSuQmCC']",Fixed,Sports trading cards,$,$25,,,,,,,,,,,,,,,,,,,,,,,,,,,,,,,,,,,,,,,,,,,,,,,,,,,,,,,,
Craigslist,https://akroncanton.craigslist.org/,https://dayton.craigslist.org/clt/d/dayton-buying-sports-cards/7833824019.html,[],Fixed,Buying sports cards,$,$1,,,,,,,,,,,,,,,,,,,,,,,,,,,,,,,,,,,,,,,,,,,,,,,,,,,,,,,,
Craigslist,https://akroncanton.craigslist.org/,https://columbus.craigslist.org/clt/d/columbus-568-basketball-sports-trading/7813318662.html,"['data:image/png;base64,iVBORw0KGgoAAAANSUhEUgAAAAEAAAABCAYAAAAfFcSJAAAAAXNSR0IArs4c6QAAAAtJREFUGFdjYAACAAAFAAGq1chRAAAAAElFTkSuQmCC']",Fixed,568 BASKETBALL SPORTS TRADING CARDS NBA HOLO ROOKIE PATCH NUMBERED,$,$570,,,,,,,,,,,,,,,,,,,,,,,,,,,,,,,,,,,,,,,,,,,,,,,,,,,,,,,,
Craigslist,https://akroncanton.craigslist.org/,https://columbus.craigslist.org/clt/d/columbus-nfl-football-sports-trading/7813856953.html,"['data:image/png;base64,iVBORw0KGgoAAAANSUhEUgAAAAEAAAABCAYAAAAfFcSJAAAAAXNSR0IArs4c6QAAAAtJREFUGFdjYAACAAAFAAGq1chRAAAAAElFTkSuQmCC']",Fixed,NFL FOOTBALL SPORTS TRADING CARDS PATCH ROOKIE OPTIC NUMBERED KELCE,$,$55,,,,,,,,,,,,,,,,,,,,,,,,,,,,,,,,,,,,,,,,,,,,,,,,,,,,,,,,
Craigslist,https://akroncanton.craigslist.org/,https://harrisonburg.craigslist.org/clt/d/fishersville-sports-cards/7821559747.html,"['data:image/png;base64,iVBORw0KGgoAAAANSUhEUgAAAAEAAAABCAYAAAAfFcSJAAAAAXNSR0IArs4c6QAAAAtJREFUGFdjYAACAAAFAAGq1chRAAAAAElFTkSuQmCC']",Fixed,Sports cards,$,$300,,,,,,,,,,,,,,,,,,,,,,,,,,,,,,,,,,,,,,,,,,,,,,,,,,,,,,,,
Craigslist,https://akroncanton.craigslist.org/,https://annarbor.craigslist.org/clt/d/fowlerville-lot-of-200-sports-cards-no/7832457108.html,[],Fixed,Lot of 200+ sports cards no commons and no junk wax,$,$125,,,,,,,,,,,,,,,,,,,,,,,,,,,,,,,,,,,,,,,,,,,,,,,,,,,,,,,,
Craigslist,https://akroncanton.craigslist.org/,https://lansing.craigslist.org/clt/d/fowlerville-lot-of-200-sports-cards-no/7832456176.html,[],Fixed,Lot of 200+ sports cards no commons and no junk wax,$,$125,,,,,,,,,,,,,,,,,,,,,,,,,,,,,,,,,,,,,,,,,,,,,,,,,,,,,,,,
Craigslist,https://akroncanton.craigslist.org/,https://lansing.craigslist.org/clt/d/fowlerville-lot-of-200-sports-cards-no/7832440324.html,[],Fixed,Lot of 200+ sports cards no commons and no junk wax,$,$125,,,,,,,,,,,,,,,,,,,,,,,,,,,,,,,,,,,,,,,,,,,,,,,,,,,,,,,,
Craigslist,https://akroncanton.craigslist.org/,https://toronto.craigslist.org/tor/clt/d/whitby-southeast-collect-your-favorite/7832292403.html,[],Fixed,Collect your favorite team or player's sports cards (many Blue Jays),$,-,,,,,,,,,,,,,,,,,,,,,,,,,,,,,,,,,,,,,,,,,,,,,,,,,,,,,,,,
Craigslist,https://akroncanton.craigslist.org/,https://toronto.craigslist.org/tor/clt/d/east-toronto-sports-stars-usa-the-shaq/7815146587.html,"['data:image/png;base64,iVBORw0KGgoAAAANSUhEUgAAAAEAAAABCAYAAAAfFcSJAAAAAXNSR0IArs4c6QAAAAtJREFUGFdjYAACAAAFAAGq1chRAAAAAElFTkSuQmCC']",Fixed,1992-93 Sports Stars USA - “THE SHAQ” Promo ROOKIE CARD !,$,$10,,,,,,,,,,,,,,,,,,,,,,,,,,,,,,,,,,,,,,,,,,,,,,,,,,,,,,,,
Craigslist,https://akroncanton.craigslist.org/,https://buffalo.craigslist.org/clt/d/tonawanda-new-sports-toys-video-games/7819845177.html,"['data:image/png;base64,iVBORw0KGgoAAAANSUhEUgAAAAEAAAABCAYAAAAfFcSJAAAAAXNSR0IArs4c6QAAAAtJREFUGFdjYAACAAAFAAGq1chRAAAAAElFTkSuQmCC']",Fixed,"New Sports , Toys, Video Games, Autographs, Wrestling, Man Cave Store",$,-,,,,,,,,,,,,,,,,,,,,,,,,,,,,,,,,,,,,,,,,,,,,,,,,,,,,,,,,
Craigslist,https://akroncanton.craigslist.org/,https://buffalo.craigslist.org/clt/d/tonawanda-350-buffalo-bills-sabres/7829770644.html,"['data:image/png;base64,iVBORw0KGgoAAAANSUhEUgAAAAEAAAABCAYAAAAfFcSJAAAAAXNSR0IArs4c6QAAAAtJREFUGFdjYAACAAAFAAGq1chRAAAAAElFTkSuQmCC']",Fixed,"350 Buffalo Bills Sabres cards Kelly, Thurman, Hasek, Miller - Signed",$,-,,,,,,,,,,,,,,,,,,,,,,,,,,,,,,,,,,,,,,,,,,,,,,,,,,,,,,,,
Craigslist,https://akroncanton.craigslist.org/,https://buffalo.craigslist.org/clt/d/tonawanda-new-sports-toys-video-games/7831757048.html,"['data:image/png;base64,iVBORw0KGgoAAAANSUhEUgAAAAEAAAABCAYAAAAfFcSJAAAAAXNSR0IArs4c6QAAAAtJREFUGFdjYAACAAAFAAGq1chRAAAAAElFTkSuQmCC']",Fixed,"New Sports , Toys, Video Games, Autographs, Wrestling, Man Cave Store",$,-,,,,,,,,,,,,,,,,,,,,,,,,,,,,,,,,,,,,,,,,,,,,,,,,,,,,,,,,
Craigslist,https://akroncanton.craigslist.org/,https://columbus.craigslist.org/clt/d/north-ridgeville-large-sports-card/7837402287.html,[],Fixed,LARGE SPORTS CARD COLLECTION,$,"$5,000",,,,,,,,,,,,,,,,,,,,,,,,,,,,,,,,,,,,,,,,,,,,,,,,,,,,,,,,
Craigslist,https://akroncanton.craigslist.org/,https://pittsburgh.craigslist.org/clt/d/pittsburgh-beckett-graded-football/7818175261.html,"['data:image/png;base64,iVBORw0KGgoAAAANSUhEUgAAAAEAAAABCAYAAAAfFcSJAAAAAXNSR0IArs4c6QAAAAtJREFUGFdjYAACAAAFAAGq1chRAAAAAElFTkSuQmCC']",Fixed,BECKETT GRADED FOOTBALL CARDS EMMITT SMITH BO JACKSON SIMMS,$,-,,,,,,,,,,,,,,,,,,,,,,,,,,,,,,,,,,,,,,,,,,,,,,,,,,,,,,,,
