Website Name,Website URL,Product Link,Product Images,Selling Type,Product Title,Product Price Currency,Product Price,Current Bid Price,Current Bid Currency,Current Bid Count,Description,Condition,Condition Id,Condition Descriptors,Condition Values,Condition Additional Info,Product Availibility status,Product Availibility Quantity,Product Sold Quantity,Product Remaining Quantity,Shipping Cost,Shipping Currency,Shipping Service Code,Shipping Carrier Code,Shipping Type,Additional Shipping Cost Per Unit,Additional Shipping Cost Currency,Shipping Cost Type,Estimated Arrival,Brand,Category,Updated,Auction Id,Bid Count,Certified Seller,Favorited Count,Highest Bidder,Listing Id,Integer Id,Is Owner,Listing Type,Lot String,Slug,Starting Price,Starting Price Currency,Is Closed,User Bid Status,User Max Bid,Status,ReturnTerms returns Accepted,ReturnTerms refund Method,ReturnTerms return Shipping Cost Payer,ReturnTerms return Period Value,ReturnTerms return Period Unit,Payment Methods,Quantity Used For Estimate,Min Estimated Delivery Date,Max Estimated Delivery Date,Buying Options,Minimum Price to Bid,Minimum Price Currency,Unique Bidder Count
MERCARI,https://www.mercari.com/,https://www.mercari.com/us/item/m84995954487/?ref=search_results,"['https://u-mercari-images.mercdn.net/photos/m84995954487_1.jpg?width=512&height=512&format=pjpg&auto=webp&fit=crop&_=1740976796', 'https://u-mercari-images.mercdn.net/photos/m84995954487_2.jpg?width=512&height=512&format=pjpg&auto=webp&fit=crop&_=1740976796', 'https://u-mercari-images.mercdn.net/photos/m84995954487_3.jpg?width=512&height=512&format=pjpg&auto=webp&fit=crop&_=1740976796', 'https://u-mercari-images.mercdn.net/photos/m84995954487_4.jpg?width=512&height=512&format=pjpg&auto=webp&fit=crop&_=1740976796', 'https://u-mercari-images.mercdn.net/photos/m84995954487_5.jpg?width=512&height=512&format=pjpg&auto=webp&fit=crop&_=1740976796', 'https://u-mercari-images.mercdn.net/photos/m84995954487_6.jpg?width=512&height=512&format=pjpg&auto=webp&fit=crop&_=1740976796', 'https://u-mercari-images.mercdn.net/photos/m84995954487_7.jpg?width=512&height=512&format=pjpg&auto=webp&fit=crop&_=1740976796']",Fixed,VTG Chase Authentics Small ESPN Speed World SS Button Down Purple Promo Shirt,$,$19.95,,,,VTG Chase Authentics ESPN Speed World SS Button Down Purple Promo Shirt very good pre-owned condition! maybe worn once!,Good,,,,,,,,,-,$,,,,,,,-,Chaser,['-'],-,,,,,,,,,,,,,,,,,,,,,,,,,,,,,,
MERCARI,https://www.mercari.com/,https://www.mercari.com/us/item/m22853527952/?ref=search_results,"['https://u-mercari-images.mercdn.net/photos/m22853527952_1.jpg?width=512&height=512&format=pjpg&auto=webp&fit=crop&_=1740974575', 'https://u-mercari-images.mercdn.net/photos/m22853527952_2.jpg?width=512&height=512&format=pjpg&auto=webp&fit=crop&_=1740974575', 'https://u-mercari-images.mercdn.net/photos/m22853527952_3.jpg?width=512&height=512&format=pjpg&auto=webp&fit=crop&_=1740974575', 'https://u-mercari-images.mercdn.net/photos/m22853527952_4.jpg?width=512&height=512&format=pjpg&auto=webp&fit=crop&_=1740974575', 'https://u-mercari-images.mercdn.net/photos/m22853527952_5.jpg?width=512&height=512&format=pjpg&auto=webp&fit=crop&_=1740974575', 'https://u-mercari-images.mercdn.net/photos/m22853527952_6.jpg?width=512&height=512&format=pjpg&auto=webp&fit=crop&_=1740974575', 'https://u-mercari-images.mercdn.net/photos/m22853527952_7.jpg?width=512&height=512&format=pjpg&auto=webp&fit=crop&_=1740974575']",Fixed,2 Box Lot 2021 Panini Chronicles Racing 5-Pack Blaster Box,$,$34.00,,,,"This is a 2 Box Lot, You will get (2) boxes of 2021 Panini Chronicles Racing 5-Pack Blaster Box Each Box contains One Autograph or Memorabilia Card, Five Green Parallels, and One Spectra Card! 2021 Chronicles Racing features top drivers like Hailie Deegan, Chase Elliott and Denny Hamlin across numerous sets giving collectors a large variety to hunt for! Look for Prime Jumbo Patches featuring 30 drivers and 21 parallels all #'d/4 or less! True to its reputation, look for a wide variety of C2S, Opti-Chrome and Holographic in each box! Hunt for race-worn materials in sets like Status Swatches and Chronicles Swatches, and find them paired with autographs in Black Rookie Materials Signatures and Cornerstone Materials Signatures! 5 Packs Per Box, 5 Cards Per Pack Product Highlights One Autograph or Memorabilia Card Per Box! Five Green Parallels Per Box! One Spectra Card Per Box! Key Rookies Austin Cindric",New,,,,,,,,,-,$,,,,,,,-,Panini,['-'],-,,,,,,,,,,,,,,,,,,,,,,,,,,,,,,
MERCARI,https://www.mercari.com/,https://www.mercari.com/us/item/m14792465204/?ref=search_results,"['https://u-mercari-images.mercdn.net/photos/m14792465204_1.jpg?width=512&height=512&format=pjpg&auto=webp&fit=crop&_=1740974138', 'https://u-mercari-images.mercdn.net/photos/m14792465204_2.jpg?width=512&height=512&format=pjpg&auto=webp&fit=crop&_=1740974138', 'https://u-mercari-images.mercdn.net/photos/m14792465204_3.jpg?width=512&height=512&format=pjpg&auto=webp&fit=crop&_=1740974138', 'https://u-mercari-images.mercdn.net/photos/m14792465204_4.jpg?width=512&height=512&format=pjpg&auto=webp&fit=crop&_=1740974138', 'https://u-mercari-images.mercdn.net/photos/m14792465204_5.jpg?width=512&height=512&format=pjpg&auto=webp&fit=crop&_=1740974138', 'https://u-mercari-images.mercdn.net/photos/m14792465204_6.jpg?width=512&height=512&format=pjpg&auto=webp&fit=crop&_=1740974138', 'https://u-mercari-images.mercdn.net/photos/m14792465204_7.jpg?width=512&height=512&format=pjpg&auto=webp&fit=crop&_=1740974138', 'https://u-mercari-images.mercdn.net/photos/m14792465204_8.jpg?width=512&height=512&format=pjpg&auto=webp&fit=crop&_=1740974138', 'https://u-mercari-images.mercdn.net/photos/m14792465204_9.jpg?width=512&height=512&format=pjpg&auto=webp&fit=crop&_=1740974138']",Fixed,Vintage 1990s Dale Earnhardt T-Shirt Mens XL 700 Charging Horses AOP,$,$115.00,,,,"Capture the high-octane spirit of NASCAR with this Vintage 1990s Dale Earnhardt T-Shirt. Emblazoned with the iconic ""700 Charging Horses"" design, this all-over print tee is a testament to the legendary career of Dale Earnhardt Sr. and his team's relentless energy. The classic black shirt, made for the dedicated fan, proudly sports the Sunday Showdown team colors and is officially licensed for authenticity. Crafted in the United States, this men's size XL shirt is a must-have for any auto racing enthusiast. The shirt is a product of Chase, ensuring quality and comfort. Whether you're at the track or just showing off your NASCAR pride, this piece is an ideal addition to any fan's wardrobe.",Good,,,,,,,,,-,$,,,,,,,-,Chaser,['-'],-,,,,,,,,,,,,,,,,,,,,,,,,,,,,,,
MERCARI,https://www.mercari.com/,https://www.mercari.com/us/item/m45647258700/?ref=search_results,"['https://u-mercari-images.mercdn.net/photos/m45647258700_1.jpg?width=512&height=512&format=pjpg&auto=webp&fit=crop&_=1740967425', 'https://u-mercari-images.mercdn.net/photos/m45647258700_2.jpg?width=512&height=512&format=pjpg&auto=webp&fit=crop&_=1740967425', 'https://u-mercari-images.mercdn.net/photos/m45647258700_1.jpg?width=512&height=512&format=pjpg&auto=webp&fit=crop&_=1740967425', 'https://u-mercari-images.mercdn.net/photos/m45647258700_2.jpg?width=512&height=512&format=pjpg&auto=webp&fit=crop&_=1740967425']",Fixed,1991 McDonalds All Star Race Team NASCAR Maxx Race Cards Complete Set,$,$5.99,,,,1991 McDonalds All Star Race Team NASCAR Maxx Race Cards Complete Set,Like new,,,,,,,,,-,$,,,,,,,-,-,['-'],-,,,,,,,,,,,,,,,,,,,,,,,,,,,,,,
MERCARI,https://www.mercari.com/,https://www.mercari.com/us/item/m26311455506/?ref=search_results,"['https://u-mercari-images.mercdn.net/photos/m26311455506_1.jpg?width=512&height=512&format=pjpg&auto=webp&fit=crop&_=1740961522', 'https://u-mercari-images.mercdn.net/photos/m26311455506_2.jpg?width=512&height=512&format=pjpg&auto=webp&fit=crop&_=1740961522', 'https://u-mercari-images.mercdn.net/photos/m26311455506_3.jpg?width=512&height=512&format=pjpg&auto=webp&fit=crop&_=1740961522']",Fixed,Nascar semi,$,$35.00,,,,Larry minor motorsports mcdonalds racing team semi,Like new,,,,,,,,,-,$,,,,,,,-,NASCAR,['-'],-,,,,,,,,,,,,,,,,,,,,,,,,,,,,,,
MERCARI,https://www.mercari.com/,https://www.mercari.com/us/item/m13794955985/?ref=search_results,"['https://u-mercari-images.mercdn.net/photos/m13794955985_1.jpg?width=512&height=512&format=pjpg&auto=webp&fit=crop&_=1740961428', 'https://u-mercari-images.mercdn.net/photos/m13794955985_2.jpg?width=512&height=512&format=pjpg&auto=webp&fit=crop&_=1740961428', 'https://u-mercari-images.mercdn.net/photos/m13794955985_1.jpg?width=512&height=512&format=pjpg&auto=webp&fit=crop&_=1740961428', 'https://u-mercari-images.mercdn.net/photos/m13794955985_2.jpg?width=512&height=512&format=pjpg&auto=webp&fit=crop&_=1740961428']",Fixed,1991 Maxx #141 Jeffrey Ellis NASCAR Racing Card,$,$2.99,,,,"* Photos on listing are of actual card. If more pictures are needed, please ask. * All cards will be listed as accurately as possible with flaws listed and photographed. * Unless otherwise stated, most cards are ungraded, raw, and/or vintage. Please take this under consideration. * If no flaws are listed, card will be in mint to near mint condition. * Cards will be shipped in a protective setting to reduce damage. * If you have any questions regarding this item, please feel free to reach out with any questions. Offers welcome.",Good,,,,,,,,,-,$,,,,,,,-,-,['-'],-,,,,,,,,,,,,,,,,,,,,,,,,,,,,,,
MERCARI,https://www.mercari.com/,https://www.mercari.com/us/item/m35968063430/?ref=search_results,"['https://u-mercari-images.mercdn.net/photos/m35968063430_1.jpg?width=512&height=512&format=pjpg&auto=webp&fit=crop&_=1740958836', 'https://u-mercari-images.mercdn.net/photos/m35968063430_2.jpg?width=512&height=512&format=pjpg&auto=webp&fit=crop&_=1740958836', 'https://u-mercari-images.mercdn.net/photos/m35968063430_1.jpg?width=512&height=512&format=pjpg&auto=webp&fit=crop&_=1740958836', 'https://u-mercari-images.mercdn.net/photos/m35968063430_2.jpg?width=512&height=512&format=pjpg&auto=webp&fit=crop&_=1740958836']",Fixed,1999 Upper Deck Road To The Cup Rusty Wallace Card #59 Miller Lite,$,$1.75,,,,"1999 Upper Deck Road To The Cup Rusty Wallace Card #59 Miller Lite ""I can make custom bundles with shipping cost of ($0.73 - $3.99), depending on weight and number of cards. These will be shipped with care by USPS Mail Service. Approximately: 10 cards - $.73 10-20 cards - $.92 20-30 cards - $1.16 shipping 30+ cards - $3.99 shipping",Good,,,,,,,,,-,$,,,,,,,-,NASCAR,['-'],-,,,,,,,,,,,,,,,,,,,,,,,,,,,,,,
MERCARI,https://www.mercari.com/,https://www.mercari.com/us/item/m47110242211/?ref=search_results,"['https://u-mercari-images.mercdn.net/photos/m47110242211_1.jpg?width=512&height=512&format=pjpg&auto=webp&fit=crop&_=1740957945', 'https://u-mercari-images.mercdn.net/photos/m47110242211_2.jpg?width=512&height=512&format=pjpg&auto=webp&fit=crop&_=1740957945', 'https://u-mercari-images.mercdn.net/photos/m47110242211_1.jpg?width=512&height=512&format=pjpg&auto=webp&fit=crop&_=1740957945', 'https://u-mercari-images.mercdn.net/photos/m47110242211_2.jpg?width=512&height=512&format=pjpg&auto=webp&fit=crop&_=1740957945']",Fixed,NASCAR Cards,$,$6.50,,,,"1996 Pinnacle NASCAR Action Packed Jeff Gordon Trading Cards Vintage (3) Card Lot #3, #4, Driver Insert #20 Message me if you have any questions",Good,,,,,,,,,-,$,,,,,,,-,Pinnacle Products,['-'],-,,,,,,,,,,,,,,,,,,,,,,,,,,,,,,
MERCARI,https://www.mercari.com/,https://www.mercari.com/us/item/m15686713917/?ref=search_results,"['https://u-mercari-images.mercdn.net/photos/m15686713917_1.jpg?width=512&height=512&format=pjpg&auto=webp&fit=crop&_=1740957808', 'https://u-mercari-images.mercdn.net/photos/m15686713917_2.jpg?width=512&height=512&format=pjpg&auto=webp&fit=crop&_=1740957808', 'https://u-mercari-images.mercdn.net/photos/m15686713917_3.jpg?width=512&height=512&format=pjpg&auto=webp&fit=crop&_=1740957808', 'https://u-mercari-images.mercdn.net/photos/m15686713917_4.jpg?width=512&height=512&format=pjpg&auto=webp&fit=crop&_=1740957808']",Fixed,Dale Earnhardt #3 Goodwrench 1:64 Die-cast Cab Racing Team Transporter,$,$15.00,,,,Dale Earnhardt #3 Goodwrench 1:64 Die-cast Cab Racing Team Transporter Good Condition Box Has Little Damage,Good,,,,,,,,,-,$,,,,,,,-,Racing Champions,['-'],-,,,,,,,,,,,,,,,,,,,,,,,,,,,,,,
MERCARI,https://www.mercari.com/,https://www.mercari.com/us/item/m77532336463/?ref=search_results,"['https://u-mercari-images.mercdn.net/photos/m77532336463_1.jpg?width=512&height=512&format=pjpg&auto=webp&fit=crop&_=1740957740', 'https://u-mercari-images.mercdn.net/photos/m77532336463_2.jpg?width=512&height=512&format=pjpg&auto=webp&fit=crop&_=1740957740', 'https://u-mercari-images.mercdn.net/photos/m77532336463_1.jpg?width=512&height=512&format=pjpg&auto=webp&fit=crop&_=1740957740', 'https://u-mercari-images.mercdn.net/photos/m77532336463_2.jpg?width=512&height=512&format=pjpg&auto=webp&fit=crop&_=1740957740']",Fixed,1999 Wheels High Gear First Gear Rusty Wallace Card #68 -Hall Of Fame-,$,$1.50,,,,"1999 Wheels High Gear First Gear Rusty Wallace Card #68 -Hall Of Fame- ""I can make custom bundles with shipping cost of ($0.73 - $3.99), depending on weight and number of cards. These will be shipped with care by USPS Mail Service. Approximately: 10 cards - $.73 10-20 cards - $.92 20-30 cards - $1.16 shipping 30+ cards - $3.99 shipping",Good,,,,,,,,,-,$,,,,,,,-,NASCAR,['-'],-,,,,,,,,,,,,,,,,,,,,,,,,,,,,,,
MERCARI,https://www.mercari.com/,https://www.mercari.com/us/item/m67070552376/?ref=search_results,"['https://u-mercari-images.mercdn.net/photos/m67070552376_1.jpg?width=512&height=512&format=pjpg&auto=webp&fit=crop&_=1740957581', 'https://u-mercari-images.mercdn.net/photos/m67070552376_2.jpg?width=512&height=512&format=pjpg&auto=webp&fit=crop&_=1740957581', 'https://u-mercari-images.mercdn.net/photos/m67070552376_3.jpg?width=512&height=512&format=pjpg&auto=webp&fit=crop&_=1740957581', 'https://u-mercari-images.mercdn.net/photos/m67070552376_4.jpg?width=512&height=512&format=pjpg&auto=webp&fit=crop&_=1740957581']",Fixed,Vtg 1997 Pensky Racing Sports Miller Lite Car Rusty Wallace Trading Card #31,$,$1.25,,,,"Vtg 1997 Pensky Racing Sports Miller Lite Car Rusty Wallace Trading Card #31 ""I can make custom bundles with shipping cost of ($0.73 - $3.99), depending on weight and number of cards. These will be shipped with care by USPS Mail Service. Approximately: 10 cards - $.73 10-20 cards - $.92 20-30 cards - $1.16 shipping 30+ cards - $3.99 shipping",Good,,,,,,,,,-,$,,,,,,,-,NASCAR,['-'],-,,,,,,,,,,,,,,,,,,,,,,,,,,,,,,
MERCARI,https://www.mercari.com/,https://www.mercari.com/us/item/m68060726469/?ref=search_results,"['https://u-mercari-images.mercdn.net/photos/m68060726469_1.jpg?width=512&height=512&format=pjpg&auto=webp&fit=crop&_=1740967175', 'https://u-mercari-images.mercdn.net/photos/m68060726469_2.jpg?width=512&height=512&format=pjpg&auto=webp&fit=crop&_=1740967175', 'https://u-mercari-images.mercdn.net/photos/m68060726469_3.jpg?width=512&height=512&format=pjpg&auto=webp&fit=crop&_=1740967175', 'https://u-mercari-images.mercdn.net/photos/m68060726469_4.jpg?width=512&height=512&format=pjpg&auto=webp&fit=crop&_=1740967175', 'https://u-mercari-images.mercdn.net/photos/m68060726469_5.jpg?width=512&height=512&format=pjpg&auto=webp&fit=crop&_=1740967175', 'https://u-mercari-images.mercdn.net/photos/m68060726469_6.jpg?width=512&height=512&format=pjpg&auto=webp&fit=crop&_=1740967175', 'https://u-mercari-images.mercdn.net/photos/m68060726469_7.jpg?width=512&height=512&format=pjpg&auto=webp&fit=crop&_=1740967175', 'https://u-mercari-images.mercdn.net/photos/m68060726469_8.jpg?width=512&height=512&format=pjpg&auto=webp&fit=crop&_=1740967175']",Fixed,X1 Select 2017 Panini Racing Blaster Box,$,$39.95,,,,"2017 Panini Select NASCAR Racing Factory Sealed Blaster Box! Rev up your collection with this 2017 Panini Select NASCAR Racing Factory Sealed Blaster Box! Each box contains 3 packs with 5 cards per pack, and the best part? You’re guaranteed to pull an autograph or memorabilia card! • We are an online-only business—no physical store, just fast shipping straight to you! • International buyers: Please check our customs policy before purchasing. Start your engines and get ready for some incredible pulls—good luck!",New,,,,,,,,,-,$,,,,,,,-,-,['-'],-,,,,,,,,,,,,,,,,,,,,,,,,,,,,,,
MERCARI,https://www.mercari.com/,https://www.mercari.com/us/item/m88410251633/?ref=search_results,"['https://u-mercari-images.mercdn.net/photos/m88410251633_1.jpg?width=512&height=512&format=pjpg&auto=webp&fit=crop&_=1740957093', 'https://u-mercari-images.mercdn.net/photos/m88410251633_2.jpg?width=512&height=512&format=pjpg&auto=webp&fit=crop&_=1740957093', 'https://u-mercari-images.mercdn.net/photos/m88410251633_3.jpg?width=512&height=512&format=pjpg&auto=webp&fit=crop&_=1740957093']",Fixed,ACTION PACKED RACING CARD RUSTY WALLACE SPEED MACHINE CARD #55,$,$1.25,,,,"ACTION PACKED RACING CARD RUSTY WALLACE SPEED MACHINE CARD #55 ""I can make custom bundles with shipping cost of ($0.73 - $3.99), depending on weight and number of cards. These will be shipped with care by USPS Mail Service. Approximately: 10 cards - $.73 10-20 cards - $.92 20-30 cards - $1.16 shipping 30+ cards - $3.99 shipping",Good,,,,,,,,,-,$,,,,,,,-,NASCAR,['-'],-,,,,,,,,,,,,,,,,,,,,,,,,,,,,,,
MERCARI,https://www.mercari.com/,https://www.mercari.com/us/item/m84558862184/?ref=search_results,"['https://u-mercari-images.mercdn.net/photos/m84558862184_1.jpg?width=512&height=512&format=pjpg&auto=webp&fit=crop&_=1740956577', 'https://u-mercari-images.mercdn.net/photos/m84558862184_2.jpg?width=512&height=512&format=pjpg&auto=webp&fit=crop&_=1740956577', 'https://u-mercari-images.mercdn.net/photos/m84558862184_1.jpg?width=512&height=512&format=pjpg&auto=webp&fit=crop&_=1740956577', 'https://u-mercari-images.mercdn.net/photos/m84558862184_2.jpg?width=512&height=512&format=pjpg&auto=webp&fit=crop&_=1740956577']",Fixed,NASCAR Cards,$,$8.00,,,,"1996 Pinnacle NASCAR Action Packed Mark Martin Trading Cards Vintage (4) Card Lot #11, 13, 14, Driver Insert #23 Message me if you have any questions",Good,,,,,,,,,-,$,,,,,,,-,Pinnacle Products,['-'],-,,,,,,,,,,,,,,,,,,,,,,,,,,,,,,
MERCARI,https://www.mercari.com/,https://www.mercari.com/us/item/m92040395883/?ref=search_results,"['https://u-mercari-images.mercdn.net/photos/m92040395883_1.jpg?width=512&height=512&format=pjpg&auto=webp&fit=crop&_=1740955855', 'https://u-mercari-images.mercdn.net/photos/m92040395883_2.jpg?width=512&height=512&format=pjpg&auto=webp&fit=crop&_=1740955855', 'https://u-mercari-images.mercdn.net/photos/m92040395883_1.jpg?width=512&height=512&format=pjpg&auto=webp&fit=crop&_=1740955855', 'https://u-mercari-images.mercdn.net/photos/m92040395883_2.jpg?width=512&height=512&format=pjpg&auto=webp&fit=crop&_=1740955855']",Fixed,Topps Chrome F1 2024 Card #144 Piotr Wisnicki Car F3 Rodin Motorsport,$,$5.00,,,,Topps Chrome F1 2024 Card #144 Piotr Wisnicki Car F3 Rodin Motorsport (Price Negotiable),Like new,,,,,,,,,-,$,,,,,,,-,Topps,['-'],-,,,,,,,,,,,,,,,,,,,,,,,,,,,,,,
MERCARI,https://www.mercari.com/,https://www.mercari.com/us/item/m11695042869/?ref=search_results,['https://u-mercari-images.mercdn.net/photos/m11695042869_1.jpg?width=512&height=512&format=pjpg&auto=webp&fit=crop&_=1730242367'],Fixed,2024 select nascar base cards 1 to 100.,$,$9.00,,,,NASCAR racing base set from 2024 select. (100 cards) card numbers 1 to 100.,Good,,,,,,,,,-,$,,,,,,,-,Select,['-'],-,,,,,,,,,,,,,,,,,,,,,,,,,,,,,,
MERCARI,https://www.mercari.com/,https://www.mercari.com/us/item/m17778668378/?ref=search_results,"['https://u-mercari-images.mercdn.net/photos/m17778668378_1.jpg?width=512&height=512&format=pjpg&auto=webp&fit=crop&_=1740955744', 'https://u-mercari-images.mercdn.net/photos/m17778668378_2.jpg?width=512&height=512&format=pjpg&auto=webp&fit=crop&_=1740955744', 'https://u-mercari-images.mercdn.net/photos/m17778668378_1.jpg?width=512&height=512&format=pjpg&auto=webp&fit=crop&_=1740955744', 'https://u-mercari-images.mercdn.net/photos/m17778668378_2.jpg?width=512&height=512&format=pjpg&auto=webp&fit=crop&_=1740955744']",Fixed,Topps Chrome F1 2024 Card #136 Christian Mansell Car F3 Art Grand Prix,$,$5.00,,,,Topps Chrome F1 2024 Card #136 Christian Mansell Car F3 Art Grand Prix (Price Negotiable),Like new,,,,,,,,,-,$,,,,,,,-,Topps,['-'],-,,,,,,,,,,,,,,,,,,,,,,,,,,,,,,
MERCARI,https://www.mercari.com/,https://www.mercari.com/us/item/m89554100519/?ref=search_results,"['https://u-mercari-images.mercdn.net/photos/m89554100519_1.jpg?width=512&height=512&format=pjpg&auto=webp&fit=crop&_=1740955635', 'https://u-mercari-images.mercdn.net/photos/m89554100519_2.jpg?width=512&height=512&format=pjpg&auto=webp&fit=crop&_=1740955635', 'https://u-mercari-images.mercdn.net/photos/m89554100519_1.jpg?width=512&height=512&format=pjpg&auto=webp&fit=crop&_=1740955635', 'https://u-mercari-images.mercdn.net/photos/m89554100519_2.jpg?width=512&height=512&format=pjpg&auto=webp&fit=crop&_=1740955635']",Fixed,Topps Chrome F1 2024 Card #132 Matias Zagazeta Car F3 Jenzer Motorsport,$,$5.00,,,,Topps Chrome F1 2024 Card #132 Matias Zagazeta Car F3 Jenzer Motorsport (Price Negotiable),Like new,,,,,,,,,-,$,,,,,,,-,Topps,['-'],-,,,,,,,,,,,,,,,,,,,,,,,,,,,,,,
MERCARI,https://www.mercari.com/,https://www.mercari.com/us/item/m33132944351/?ref=search_results,"['https://u-mercari-images.mercdn.net/photos/m33132944351_1.jpg?width=512&height=512&format=pjpg&auto=webp&fit=crop&_=1740955506', 'https://u-mercari-images.mercdn.net/photos/m33132944351_2.jpg?width=512&height=512&format=pjpg&auto=webp&fit=crop&_=1740955506', 'https://u-mercari-images.mercdn.net/photos/m33132944351_1.jpg?width=512&height=512&format=pjpg&auto=webp&fit=crop&_=1740955506', 'https://u-mercari-images.mercdn.net/photos/m33132944351_2.jpg?width=512&height=512&format=pjpg&auto=webp&fit=crop&_=1740955506']",Fixed,Topps Chrome F1 2024 SEPHIA RARE Card #127 Luke Browning Car F3 Hitech Pulse,$,$8.00,,,,Topps Chrome F1 2024 SEPHIA RARE Card #127 Luke Browning Car F3 Hitech Pulse Eight (Price Negotiable),Like new,,,,,,,,,-,$,,,,,,,-,Topps,['-'],-,,,,,,,,,,,,,,,,,,,,,,,,,,,,,,
MERCARI,https://www.mercari.com/,https://www.mercari.com/us/item/m77706186038/?ref=search_results,"['https://u-mercari-images.mercdn.net/photos/m77706186038_1.jpg?width=512&height=512&format=pjpg&auto=webp&fit=crop&_=1740955395', 'https://u-mercari-images.mercdn.net/photos/m77706186038_2.jpg?width=512&height=512&format=pjpg&auto=webp&fit=crop&_=1740955395', 'https://u-mercari-images.mercdn.net/photos/m77706186038_1.jpg?width=512&height=512&format=pjpg&auto=webp&fit=crop&_=1740955395', 'https://u-mercari-images.mercdn.net/photos/m77706186038_2.jpg?width=512&height=512&format=pjpg&auto=webp&fit=crop&_=1740955395']",Fixed,Topps Chrome F1 2024 SEPHIA RARE Card #123 Alexander Dunne Car F3 MP Motorsport,$,$8.00,,,,Topps Chrome F1 2024 SEPHIA RARE Card #123 Alexander Dunne Car F3 MP Motorsport (Price Negotiable),Like new,,,,,,,,,-,$,,,,,,,-,Topps,['-'],-,,,,,,,,,,,,,,,,,,,,,,,,,,,,,,
MERCARI,https://www.mercari.com/,https://www.mercari.com/us/item/m16890763996/?ref=search_results,"['https://u-mercari-images.mercdn.net/photos/m16890763996_1.jpg?width=512&height=512&format=pjpg&auto=webp&fit=crop&_=1740955249', 'https://u-mercari-images.mercdn.net/photos/m16890763996_2.jpg?width=512&height=512&format=pjpg&auto=webp&fit=crop&_=1740955249', 'https://u-mercari-images.mercdn.net/photos/m16890763996_1.jpg?width=512&height=512&format=pjpg&auto=webp&fit=crop&_=1740955249', 'https://u-mercari-images.mercdn.net/photos/m16890763996_2.jpg?width=512&height=512&format=pjpg&auto=webp&fit=crop&_=1740955249']",Fixed,Topps Chrome F1 2024 Card #121 Tim Tramnitz Car F3 MP Motorsport,$,$5.00,,,,Topps Chrome F1 2024 Card #121 Tim Tramnitz Car F3 MP Motorsport (Price Negotiable),Like new,,,,,,,,,-,$,,,,,,,-,Topps,['-'],-,,,,,,,,,,,,,,,,,,,,,,,,,,,,,,
MERCARI,https://www.mercari.com/,https://www.mercari.com/us/item/m13084335285/?ref=search_results,"['https://u-mercari-images.mercdn.net/photos/m13084335285_1.jpg?width=512&height=512&format=pjpg&auto=webp&fit=crop&_=1740955136', 'https://u-mercari-images.mercdn.net/photos/m13084335285_2.jpg?width=512&height=512&format=pjpg&auto=webp&fit=crop&_=1740955136', 'https://u-mercari-images.mercdn.net/photos/m13084335285_1.jpg?width=512&height=512&format=pjpg&auto=webp&fit=crop&_=1740955136', 'https://u-mercari-images.mercdn.net/photos/m13084335285_2.jpg?width=512&height=512&format=pjpg&auto=webp&fit=crop&_=1740955136']",Fixed,Topps Chrome F1 2024 Card #119 Sami Meguetounif Car F3 Trident,$,$5.00,,,,Topps Chrome F1 2024 Card #119 Sami Meguetounif Car F3 Trident (Price Negotiable),Like new,,,,,,,,,-,$,,,,,,,-,Topps,['-'],-,,,,,,,,,,,,,,,,,,,,,,,,,,,,,,
MERCARI,https://www.mercari.com/,https://www.mercari.com/us/item/m19320573530/?ref=search_results,"['https://u-mercari-images.mercdn.net/photos/m19320573530_1.jpg?width=512&height=512&format=pjpg&auto=webp&fit=crop&_=1740954999', 'https://u-mercari-images.mercdn.net/photos/m19320573530_2.jpg?width=512&height=512&format=pjpg&auto=webp&fit=crop&_=1740954999', 'https://u-mercari-images.mercdn.net/photos/m19320573530_1.jpg?width=512&height=512&format=pjpg&auto=webp&fit=crop&_=1740954999', 'https://u-mercari-images.mercdn.net/photos/m19320573530_2.jpg?width=512&height=512&format=pjpg&auto=webp&fit=crop&_=1740954999']",Fixed,Topps Chrome F1 2024 Card #70 Callum Voisin,$,$5.00,,,,Topps Chrome F1 2024 Card #70 Callum Voisin F3 Rodin Motorsport (Price Negotiable),Like new,,,,,,,,,-,$,,,,,,,-,Topps,['-'],-,,,,,,,,,,,,,,,,,,,,,,,,,,,,,,
MERCARI,https://www.mercari.com/,https://www.mercari.com/us/item/m61601391149/?ref=search_results,"['https://u-mercari-images.mercdn.net/photos/m61601391149_1.jpg?width=512&height=512&format=pjpg&auto=webp&fit=crop&_=1740954877', 'https://u-mercari-images.mercdn.net/photos/m61601391149_2.jpg?width=512&height=512&format=pjpg&auto=webp&fit=crop&_=1740954877', 'https://u-mercari-images.mercdn.net/photos/m61601391149_1.jpg?width=512&height=512&format=pjpg&auto=webp&fit=crop&_=1740954877', 'https://u-mercari-images.mercdn.net/photos/m61601391149_2.jpg?width=512&height=512&format=pjpg&auto=webp&fit=crop&_=1740954877']",Fixed,Topps Chrome F1 2024 Card #56 Martinius Stenshone,$,$5.00,,,,Topps Chrome F1 2024 Card #56 Martinius Stenshone F3 Hitech Pulse Eight (Price Negotiable),Like new,,,,,,,,,-,$,,,,,,,-,Topps,['-'],-,,,,,,,,,,,,,,,,,,,,,,,,,,,,,,
MERCARI,https://www.mercari.com/,https://www.mercari.com/us/item/m56111643133/?ref=search_results,"['https://u-mercari-images.mercdn.net/photos/m56111643133_1.jpg?width=512&height=512&format=pjpg&auto=webp&fit=crop&_=1740954684', 'https://u-mercari-images.mercdn.net/photos/m56111643133_2.jpg?width=512&height=512&format=pjpg&auto=webp&fit=crop&_=1740954684', 'https://u-mercari-images.mercdn.net/photos/m56111643133_1.jpg?width=512&height=512&format=pjpg&auto=webp&fit=crop&_=1740954684', 'https://u-mercari-images.mercdn.net/photos/m56111643133_2.jpg?width=512&height=512&format=pjpg&auto=webp&fit=crop&_=1740954684']",Fixed,Topps Chrome F1 2024 Card #52 Oliver Goethe,$,$5.00,,,,Topps Chrome F1 2024 Card #52 Oliver Goethe F3 Campos Racing (Price Negotiable),Like new,,,,,,,,,-,$,,,,,,,-,Topps,['-'],-,,,,,,,,,,,,,,,,,,,,,,,,,,,,,,
MERCARI,https://www.mercari.com/,https://www.mercari.com/us/item/m95904072230/?ref=search_results,"['https://u-mercari-images.mercdn.net/photos/m95904072230_1.jpg?width=512&height=512&format=pjpg&auto=webp&fit=crop&_=1740954562', 'https://u-mercari-images.mercdn.net/photos/m95904072230_2.jpg?width=512&height=512&format=pjpg&auto=webp&fit=crop&_=1740954562', 'https://u-mercari-images.mercdn.net/photos/m95904072230_1.jpg?width=512&height=512&format=pjpg&auto=webp&fit=crop&_=1740954562', 'https://u-mercari-images.mercdn.net/photos/m95904072230_2.jpg?width=512&height=512&format=pjpg&auto=webp&fit=crop&_=1740954562']",Fixed,2020 Panini Donruss NASCAR Rated Carolina Blue Max McLaughlin #20 Rookie,$,$2.25,,,,2020 Panini Donruss NASCAR Rated Carolina Blue Max McLaughlin #20 Rookie RC,Like new,,,,,,,,,-,$,,,,,,,-,Donruss,['-'],-,,,,,,,,,,,,,,,,,,,,,,,,,,,,,,
MERCARI,https://www.mercari.com/,https://www.mercari.com/us/item/m20625202989/?ref=search_results,"['https://u-mercari-images.mercdn.net/photos/m20625202989_1.jpg?width=512&height=512&format=pjpg&auto=webp&fit=crop&_=1740954716', 'https://u-mercari-images.mercdn.net/photos/m20625202989_2.jpg?width=512&height=512&format=pjpg&auto=webp&fit=crop&_=1740954716', 'https://u-mercari-images.mercdn.net/photos/m20625202989_1.jpg?width=512&height=512&format=pjpg&auto=webp&fit=crop&_=1740954716', 'https://u-mercari-images.mercdn.net/photos/m20625202989_2.jpg?width=512&height=512&format=pjpg&auto=webp&fit=crop&_=1740954716']",Fixed,Topps Chrome F1 2024 Card #45 Abrid Linblad,$,$5.00,,,,Topps Chrome F1 2024 Card #45 Abrid Linblad F3 Prema Racing (Price Negotiable),Like new,,,,,,,,,-,$,,,,,,,-,Topps,['-'],-,,,,,,,,,,,,,,,,,,,,,,,,,,,,,,
MERCARI,https://www.mercari.com/,https://www.mercari.com/us/item/m40638694984/?ref=search_results,"['https://u-mercari-images.mercdn.net/photos/m40638694984_1.jpg?width=512&height=512&format=pjpg&auto=webp&fit=crop&_=1740954733', 'https://u-mercari-images.mercdn.net/photos/m40638694984_2.jpg?width=512&height=512&format=pjpg&auto=webp&fit=crop&_=1740954733', 'https://u-mercari-images.mercdn.net/photos/m40638694984_1.jpg?width=512&height=512&format=pjpg&auto=webp&fit=crop&_=1740954733', 'https://u-mercari-images.mercdn.net/photos/m40638694984_2.jpg?width=512&height=512&format=pjpg&auto=webp&fit=crop&_=1740954733']",Fixed,Topps Chrome F1 2024 Card #44 Gabriele Mini,$,$5.00,,,,Topps Chrome F1 2024 Card #44 Gabriele Mini F3 Prema Racing (Price Negotiable),Like new,,,,,,,,,-,$,,,,,,,-,Topps,['-'],-,,,,,,,,,,,,,,,,,,,,,,,,,,,,,,
MERCARI,https://www.mercari.com/,https://www.mercari.com/us/item/m95435754578/?ref=search_results,"['https://u-mercari-images.mercdn.net/photos/m95435754578_1.jpg?width=512&height=512&format=pjpg&auto=webp&fit=crop&_=1740954297', 'https://u-mercari-images.mercdn.net/photos/m95435754578_2.jpg?width=512&height=512&format=pjpg&auto=webp&fit=crop&_=1740954297', 'https://u-mercari-images.mercdn.net/photos/m95435754578_3.jpg?width=512&height=512&format=pjpg&auto=webp&fit=crop&_=1740954297']",Fixed,DALE EARNHARDT JR # 88 NATIONAL GUARD SALUTE TROOPS 2008 1:24 NO BOX,$,$25.00,,,,DALE EARNHARDT JR # 88 NATIONAL GUARD SALUTE TROOPS 2008 1:24 NO BOX GREAT CONDITION,Like new,,,,,,,,,-,$,,,,,,,-,NASCAR,['-'],-,,,,,,,,,,,,,,,,,,,,,,,,,,,,,,
MERCARI,https://www.mercari.com/,https://www.mercari.com/us/item/m69192374531/?ref=search_results,"['https://u-mercari-images.mercdn.net/photos/m69192374531_1.jpg?width=512&height=512&format=pjpg&auto=webp&fit=crop&_=1740952671', 'https://u-mercari-images.mercdn.net/photos/m69192374531_2.jpg?width=512&height=512&format=pjpg&auto=webp&fit=crop&_=1740952671', 'https://u-mercari-images.mercdn.net/photos/m69192374531_3.jpg?width=512&height=512&format=pjpg&auto=webp&fit=crop&_=1740952671', 'https://u-mercari-images.mercdn.net/photos/m69192374531_4.jpg?width=512&height=512&format=pjpg&auto=webp&fit=crop&_=1740952671', 'https://u-mercari-images.mercdn.net/photos/m69192374531_5.jpg?width=512&height=512&format=pjpg&auto=webp&fit=crop&_=1740952671']",Fixed,1:43 BURAGO Red Bull Set F1 2X Rb19 Gp 2024 Verstappen + Perez BU38059,$,$30.00,,,,"Experience the thrill of Formula 1 with this highly detailed 1:43 scale model of the Red Bull Racing RB19, featuring Max Verstappen and Sergio Perez. This collectible diecast model from Burago captures the essence of speed and competition, making it a must-have for any motorsport enthusiast. Crafted with precision, the model boasts an impeccable finish in sleek black, complete with the iconic colors and logos of the Formula One series. It comes in an unopened box, ensuring it remains a pristine piece for collectors and fans aged 3 and up. Add this piece of racing history to your collection today and celebrate the legacy of Formula 1.",New,,,,,,,,,-,$,,,,,,,-,Bburago,['-'],-,,,,,,,,,,,,,,,,,,,,,,,,,,,,,,
MERCARI,https://www.mercari.com/,https://www.mercari.com/us/item/m14442577422/?ref=search_results,['https://u-mercari-images.mercdn.net/photos/m14442577422_1.jpg?width=512&height=512&format=pjpg&auto=webp&fit=crop&_=1740977952'],Fixed,2025 Topps Series 1 Jazz Chisholm Jr 1990,$,$1.00,,,,You will receive the card in the photo,Like new,,,,,,,,,-,$,,,,,,,-,Topps,['-'],-,,,,,,,,,,,,,,,,,,,,,,,,,,,,,,
MERCARI,https://www.mercari.com/,https://www.mercari.com/us/item/m36360206840/?ref=search_results,"['https://u-mercari-images.mercdn.net/photos/m36360206840_1.jpg?width=512&height=512&format=pjpg&auto=webp&fit=crop&_=1740977863', 'https://u-mercari-images.mercdn.net/photos/m36360206840_2.jpg?width=512&height=512&format=pjpg&auto=webp&fit=crop&_=1740977863', 'https://u-mercari-images.mercdn.net/photos/m36360206840_1.jpg?width=512&height=512&format=pjpg&auto=webp&fit=crop&_=1740977863', 'https://u-mercari-images.mercdn.net/photos/m36360206840_2.jpg?width=512&height=512&format=pjpg&auto=webp&fit=crop&_=1740977863']",Fixed,David Ortiz,$,$5.00,,,,Baseball card Comes with penny sleeve and toploader,Good,,,,,,,,,-,$,,,,,,,-,Fleer,['-'],-,,,,,,,,,,,,,,,,,,,,,,,,,,,,,,
MERCARI,https://www.mercari.com/,https://www.mercari.com/us/item/m82730713275/?ref=search_results,['https://u-mercari-images.mercdn.net/photos/m82730713275_1.jpg?width=512&height=512&format=pjpg&auto=webp&fit=crop&_=1740978073'],Fixed,Dream Order Kazuma Okamoto SSP Yomiuri Giants,$,$136.10,,,,There is no product description.,New,,,,,,,,,-,$,,,,,,,-,-,['-'],-,,,,,,,,,,,,,,,,,,,,,,,,,,,,,,
MERCARI,https://www.mercari.com/,https://www.mercari.com/us/item/m22879074000/?ref=search_results,['https://u-mercari-images.mercdn.net/photos/m22879074000_1.jpg?width=512&height=512&format=pjpg&auto=webp&fit=crop&_=1740977749'],Fixed,2025 Topps Series 1 George Brett 1990,$,$1.00,,,,You will receive the card in the photo,Like new,,,,,,,,,-,$,,,,,,,-,Topps,['-'],-,,,,,,,,,,,,,,,,,,,,,,,,,,,,,,
MERCARI,https://www.mercari.com/,https://www.mercari.com/us/item/m51950904992/?ref=search_results,"['https://u-mercari-images.mercdn.net/photos/m51950904992_1.jpg?width=512&height=512&format=pjpg&auto=webp&fit=crop&_=1740977711', 'https://u-mercari-images.mercdn.net/photos/m51950904992_2.jpg?width=512&height=512&format=pjpg&auto=webp&fit=crop&_=1740977711', 'https://u-mercari-images.mercdn.net/photos/m51950904992_1.jpg?width=512&height=512&format=pjpg&auto=webp&fit=crop&_=1740977711', 'https://u-mercari-images.mercdn.net/photos/m51950904992_2.jpg?width=512&height=512&format=pjpg&auto=webp&fit=crop&_=1740977711']",Fixed,Zebby Matthews (RC) 2025 Topps Series 1 35th Anniversary 1990 Retro #T90-74,$,$1.75,,,,2025 Topps Series 1 35th Anniversary 1990 Retro Rookie card of Zebby Matthews Minnesota Twins,Like new,,,,,,,,,-,$,,,,,,,-,Topps,['-'],-,,,,,,,,,,,,,,,,,,,,,,,,,,,,,,
MERCARI,https://www.mercari.com/,https://www.mercari.com/us/item/m32880934862/?ref=search_results,"['https://u-mercari-images.mercdn.net/photos/m32880934862_1.jpg?width=512&height=512&format=pjpg&auto=webp&fit=crop&_=1740977700', 'https://u-mercari-images.mercdn.net/photos/m32880934862_2.jpg?width=512&height=512&format=pjpg&auto=webp&fit=crop&_=1740977700', 'https://u-mercari-images.mercdn.net/photos/m32880934862_1.jpg?width=512&height=512&format=pjpg&auto=webp&fit=crop&_=1740977700', 'https://u-mercari-images.mercdn.net/photos/m32880934862_2.jpg?width=512&height=512&format=pjpg&auto=webp&fit=crop&_=1740977700']",Fixed,Cole Young #/99,$,$6.50,,,,2022 Bowman chrome Cole Young Greene insert #/99. Heir Apparent Seattle Mariners,Like new,,,,,,,,,-,$,,,,,,,-,Topps,['-'],-,,,,,,,,,,,,,,,,,,,,,,,,,,,,,,
MERCARI,https://www.mercari.com/,https://www.mercari.com/us/item/m16422630245/?ref=search_results,"['https://u-mercari-images.mercdn.net/photos/m16422630245_1.jpg?width=512&height=512&format=pjpg&auto=webp&fit=crop&_=1740977700', 'https://u-mercari-images.mercdn.net/photos/m16422630245_2.jpg?width=512&height=512&format=pjpg&auto=webp&fit=crop&_=1740977700', 'https://u-mercari-images.mercdn.net/photos/m16422630245_3.jpg?width=512&height=512&format=pjpg&auto=webp&fit=crop&_=1740977700']",Fixed,2025 topps series 1 ceddanne rafaela city connect game used relic #cc-cr Red Sox,$,$14.00,,,,2025 topps series 1 ceddanne rafaela city connect game used relic #cc-cr red sox,Like new,,,,,,,,,-,$,,,,,,,-,Topps,['-'],-,,,,,,,,,,,,,,,,,,,,,,,,,,,,,,
MERCARI,https://www.mercari.com/,https://www.mercari.com/us/item/m28940917937/?ref=search_results,"['https://u-mercari-images.mercdn.net/photos/m28940917937_1.jpg?width=512&height=512&format=pjpg&auto=webp&fit=crop&_=1740977696', 'https://u-mercari-images.mercdn.net/photos/m28940917937_2.jpg?width=512&height=512&format=pjpg&auto=webp&fit=crop&_=1740977696', 'https://u-mercari-images.mercdn.net/photos/m28940917937_1.jpg?width=512&height=512&format=pjpg&auto=webp&fit=crop&_=1740977696', 'https://u-mercari-images.mercdn.net/photos/m28940917937_2.jpg?width=512&height=512&format=pjpg&auto=webp&fit=crop&_=1740977696']",Fixed,Mickey mantle,$,$8.00,,,,Baseball card Comes with penny sleeve and toploader,Good,,,,,,,,,-,$,,,,,,,-,Topps,['-'],-,,,,,,,,,,,,,,,,,,,,,,,,,,,,,,
MERCARI,https://www.mercari.com/,https://www.mercari.com/us/item/m58285403497/?ref=search_results,"['https://u-mercari-images.mercdn.net/photos/m58285403497_1.jpg?width=512&height=512&format=pjpg&auto=webp&fit=crop&_=1740977685', 'https://u-mercari-images.mercdn.net/photos/m58285403497_2.jpg?width=512&height=512&format=pjpg&auto=webp&fit=crop&_=1740977685', 'https://u-mercari-images.mercdn.net/photos/m58285403497_3.jpg?width=512&height=512&format=pjpg&auto=webp&fit=crop&_=1740977685', 'https://u-mercari-images.mercdn.net/photos/m58285403497_4.jpg?width=512&height=512&format=pjpg&auto=webp&fit=crop&_=1740977685', 'https://u-mercari-images.mercdn.net/photos/m58285403497_5.jpg?width=512&height=512&format=pjpg&auto=webp&fit=crop&_=1740977685', 'https://u-mercari-images.mercdn.net/photos/m58285403497_6.jpg?width=512&height=512&format=pjpg&auto=webp&fit=crop&_=1740977685', 'https://u-mercari-images.mercdn.net/photos/m58285403497_7.jpg?width=512&height=512&format=pjpg&auto=webp&fit=crop&_=1740977685', 'https://u-mercari-images.mercdn.net/photos/m58285403497_8.jpg?width=512&height=512&format=pjpg&auto=webp&fit=crop&_=1740977685', 'https://u-mercari-images.mercdn.net/photos/m58285403497_9.jpg?width=512&height=512&format=pjpg&auto=webp&fit=crop&_=1740977685', 'https://u-mercari-images.mercdn.net/photos/m58285403497_10.jpg?width=512&height=512&format=pjpg&auto=webp&fit=crop&_=1740977685', 'https://u-mercari-images.mercdn.net/photos/m58285403497_11.jpg?width=512&height=512&format=pjpg&auto=webp&fit=crop&_=1740977685']",Fixed,Lot of 9 Austin Riley Baseball Cards 1st Bowman Topps Chrome Rookie Braves,$,$30.00,,,,Lot of 9 Austin Riley baseball cards Panini / Bowman / Donruss Optic / Topps Chrome Atlanta Braves MLB Includes: - 1st Bowman Paper - Topps MLB Debut rookie - Topps Holiday rookie - Topps Chrome rookie - White Rated Rookie - Lime Green Prizm Rated Rookie - Bowman Chrome Prospect - Topps Heritage Rookie - Topps Heritage Minor Leagues Florida Fire Frogs Very cool card lot! Open to reasonable offers. Willing to bundle multiple cards together in one shipment. Cards look to be in good condition! I tried to take numerous pictures so that you could make your own determination as to condition. Smoke Free.,Like new,,,,,,,,,-,$,,,,,,,-,Bowman,['-'],-,,,,,,,,,,,,,,,,,,,,,,,,,,,,,,
MERCARI,https://www.mercari.com/,https://www.mercari.com/us/item/m44851701557/?ref=search_results,['https://u-mercari-images.mercdn.net/photos/m44851701557_1.jpg?width=512&height=512&format=pjpg&auto=webp&fit=crop&_=1740978117'],Fixed,Dream Order Kazuki Kamiya SP Yokohama DeNA BayStars,$,$19.59,,,,There is no product description.,New,,,,,,,,,-,$,,,,,,,-,-,['-'],-,,,,,,,,,,,,,,,,,,,,,,,,,,,,,,
MERCARI,https://www.mercari.com/,https://www.mercari.com/us/item/m42595407980/?ref=search_results,"['https://u-mercari-images.mercdn.net/photos/m42595407980_1.jpg?width=512&height=512&format=pjpg&auto=webp&fit=crop&_=1740977599', 'https://u-mercari-images.mercdn.net/photos/m42595407980_2.jpg?width=512&height=512&format=pjpg&auto=webp&fit=crop&_=1740977599', 'https://u-mercari-images.mercdn.net/photos/m42595407980_1.jpg?width=512&height=512&format=pjpg&auto=webp&fit=crop&_=1740977599', 'https://u-mercari-images.mercdn.net/photos/m42595407980_2.jpg?width=512&height=512&format=pjpg&auto=webp&fit=crop&_=1740977599']",Fixed,David Ortiz,$,$4.00,,,,Baseball card Comes with penny sleeve and toploader,Good,,,,,,,,,-,$,,,,,,,-,Donruss,['-'],-,,,,,,,,,,,,,,,,,,,,,,,,,,,,,,
MERCARI,https://www.mercari.com/,https://www.mercari.com/us/item/m42105455536/?ref=search_results,['https://u-mercari-images.mercdn.net/photos/m42105455536_1.jpg?width=512&height=512&format=pjpg&auto=webp&fit=crop&_=1740977588'],Fixed,2025 Topps Series 1 Adrian Beltre 1990,$,$1.00,,,,You will receive the card in the photo,Like new,,,,,,,,,-,$,,,,,,,-,Topps,['-'],-,,,,,,,,,,,,,,,,,,,,,,,,,,,,,,
MERCARI,https://www.mercari.com/,https://www.mercari.com/us/item/m35509886678/?ref=search_results,"['https://u-mercari-images.mercdn.net/photos/m35509886678_1.jpg?width=512&height=512&format=pjpg&auto=webp&fit=crop&_=1740977615', 'https://u-mercari-images.mercdn.net/photos/m35509886678_2.jpg?width=512&height=512&format=pjpg&auto=webp&fit=crop&_=1740977615', 'https://u-mercari-images.mercdn.net/photos/m35509886678_1.jpg?width=512&height=512&format=pjpg&auto=webp&fit=crop&_=1740977615', 'https://u-mercari-images.mercdn.net/photos/m35509886678_2.jpg?width=512&height=512&format=pjpg&auto=webp&fit=crop&_=1740977615']",Fixed,1987 Leaf Fold Out Pop-up Figure Mike Scott - Houston Astros,$,$1.40,,,,This 1987 Leaf Fold Out Pop-up Figure features Mike Scott of the Houston Astros. The card is in its original form and is made of card stock material. It is a vintage piece and is part of the 1987 Leaf set. The card is in English language and is not autographed. It is an original licensed reprint and is authenticated by Leaf. The card is a sports trading card and is a great addition to any baseball fan's collection.,Like new,,,,,,,,,-,$,,,,,,,-,-,['-'],-,,,,,,,,,,,,,,,,,,,,,,,,,,,,,,
MERCARI,https://www.mercari.com/,https://www.mercari.com/us/item/m72831496452/?ref=search_results,"['https://u-mercari-images.mercdn.net/photos/m72831496452_1.jpg?width=512&height=512&format=pjpg&auto=webp&fit=crop&_=1740977473', 'https://u-mercari-images.mercdn.net/photos/m72831496452_2.jpg?width=512&height=512&format=pjpg&auto=webp&fit=crop&_=1740977473', 'https://u-mercari-images.mercdn.net/photos/m72831496452_1.jpg?width=512&height=512&format=pjpg&auto=webp&fit=crop&_=1740977473', 'https://u-mercari-images.mercdn.net/photos/m72831496452_2.jpg?width=512&height=512&format=pjpg&auto=webp&fit=crop&_=1740977473']",Fixed,Ron Guidry,$,$10.00,,,,Baseball talk card Comes With plastic sleeve,Good,,,,,,,,,-,$,,,,,,,-,Topps,['-'],-,,,,,,,,,,,,,,,,,,,,,,,,,,,,,,
MERCARI,https://www.mercari.com/,https://www.mercari.com/us/item/m21119579487/?ref=search_results,"['https://u-mercari-images.mercdn.net/photos/m21119579487_1.jpg?width=512&height=512&format=pjpg&auto=webp&fit=crop&_=1740977391', 'https://u-mercari-images.mercdn.net/photos/m21119579487_2.jpg?width=512&height=512&format=pjpg&auto=webp&fit=crop&_=1740977391', 'https://u-mercari-images.mercdn.net/photos/m21119579487_1.jpg?width=512&height=512&format=pjpg&auto=webp&fit=crop&_=1740977391', 'https://u-mercari-images.mercdn.net/photos/m21119579487_2.jpg?width=512&height=512&format=pjpg&auto=webp&fit=crop&_=1740977391']",Fixed,Kal daniels,$,$10.00,,,,Baseball talk card Comes with plastic sleeve,Good,,,,,,,,,-,$,,,,,,,-,Topps,['-'],-,,,,,,,,,,,,,,,,,,,,,,,,,,,,,,
MERCARI,https://www.mercari.com/,https://www.mercari.com/us/item/m53360312935/?ref=search_results,"['https://u-mercari-images.mercdn.net/photos/m53360312935_1.jpg?width=512&height=512&format=pjpg&auto=webp&fit=crop&_=1723431216', 'https://u-mercari-images.mercdn.net/photos/m53360312935_2.jpg?width=512&height=512&format=pjpg&auto=webp&fit=crop&_=1723431216', 'https://u-mercari-images.mercdn.net/photos/m53360312935_1.jpg?width=512&height=512&format=pjpg&auto=webp&fit=crop&_=1723431216', 'https://u-mercari-images.mercdn.net/photos/m53360312935_2.jpg?width=512&height=512&format=pjpg&auto=webp&fit=crop&_=1723431216']",Fixed,2018 Bowman Draft Triston McKenzie #BD-162 Prospect Purple Parallel /250 #339N,$,$1.00,,,,Message us with any questions! We do combine shipping! We will always make it as fair as possible!,Like new,,,,,,,,,-,$,,,,,,,-,Topps,['-'],-,,,,,,,,,,,,,,,,,,,,,,,,,,,,,,
MERCARI,https://www.mercari.com/,https://www.mercari.com/us/item/m29912094349/?ref=search_results,"['https://u-mercari-images.mercdn.net/photos/m29912094349_1.jpg?width=512&height=512&format=pjpg&auto=webp&fit=crop&_=1740977346', 'https://u-mercari-images.mercdn.net/photos/m29912094349_2.jpg?width=512&height=512&format=pjpg&auto=webp&fit=crop&_=1740977346', 'https://u-mercari-images.mercdn.net/photos/m29912094349_1.jpg?width=512&height=512&format=pjpg&auto=webp&fit=crop&_=1740977346', 'https://u-mercari-images.mercdn.net/photos/m29912094349_2.jpg?width=512&height=512&format=pjpg&auto=webp&fit=crop&_=1740977346']",Fixed,2024 Topps Baseball Card # 450 Gunnar Henderson - Baltimore Orioles (NM),$,$3.00,,,,We will consider the best offer on all cards,Like new,,,,,,,,,-,$,,,,,,,-,Topps,['-'],-,,,,,,,,,,,,,,,,,,,,,,,,,,,,,,
MERCARI,https://www.mercari.com/,https://www.mercari.com/us/item/m62858537892/?ref=search_results,"['https://u-mercari-images.mercdn.net/photos/m62858537892_1.jpg?width=512&height=512&format=pjpg&auto=webp&fit=crop&_=1740977324', 'https://u-mercari-images.mercdn.net/photos/m62858537892_2.jpg?width=512&height=512&format=pjpg&auto=webp&fit=crop&_=1740977324', 'https://u-mercari-images.mercdn.net/photos/m62858537892_3.jpg?width=512&height=512&format=pjpg&auto=webp&fit=crop&_=1740977324', 'https://u-mercari-images.mercdn.net/photos/m62858537892_4.jpg?width=512&height=512&format=pjpg&auto=webp&fit=crop&_=1740977324']",Fixed,2025 Topps Series 1 Yilber Diaz RC #104 Diamante Foil Parallel Diamondbacks RC,$,$2.00,,,,Trading card will be mailed in envelope with top loader and penny sleeve,Like new,,,,,,,,,-,$,,,,,,,-,Topps,['-'],-,,,,,,,,,,,,,,,,,,,,,,,,,,,,,,
MERCARI,https://www.mercari.com/,https://www.mercari.com/us/item/m84079074546/?ref=search_results,"['https://u-mercari-images.mercdn.net/photos/m84079074546_1.jpg?width=512&height=512&format=pjpg&auto=webp&fit=crop&_=1740977303', 'https://u-mercari-images.mercdn.net/photos/m84079074546_2.jpg?width=512&height=512&format=pjpg&auto=webp&fit=crop&_=1740977303', 'https://u-mercari-images.mercdn.net/photos/m84079074546_1.jpg?width=512&height=512&format=pjpg&auto=webp&fit=crop&_=1740977303', 'https://u-mercari-images.mercdn.net/photos/m84079074546_2.jpg?width=512&height=512&format=pjpg&auto=webp&fit=crop&_=1740977303']",Fixed,Mike Marshall,$,$10.00,,,,Baseball talk card Comes with plastic sleeve,Good,,,,,,,,,-,$,,,,,,,-,Topps,['-'],-,,,,,,,,,,,,,,,,,,,,,,,,,,,,,,
MERCARI,https://www.mercari.com/,https://www.mercari.com/us/item/m63508924366/?ref=search_results,['https://u-mercari-images.mercdn.net/photos/m63508924366_1.jpg?width=512&height=512&format=pjpg&auto=webp&fit=crop&_=1740977292'],Fixed,2025 Topps Series 1 Corey Seager 1990,$,$1.00,,,,You will receive the card in the photo,Like new,,,,,,,,,-,$,,,,,,,-,Topps,['-'],-,,,,,,,,,,,,,,,,,,,,,,,,,,,,,,
MERCARI,https://www.mercari.com/,https://www.mercari.com/us/item/m74343126567/?ref=search_results,"['https://u-mercari-images.mercdn.net/photos/m74343126567_1.jpg?width=512&height=512&format=pjpg&auto=webp&fit=crop&_=1740977269', 'https://u-mercari-images.mercdn.net/photos/m74343126567_2.jpg?width=512&height=512&format=pjpg&auto=webp&fit=crop&_=1740977269', 'https://u-mercari-images.mercdn.net/photos/m74343126567_1.jpg?width=512&height=512&format=pjpg&auto=webp&fit=crop&_=1740977269', 'https://u-mercari-images.mercdn.net/photos/m74343126567_2.jpg?width=512&height=512&format=pjpg&auto=webp&fit=crop&_=1740977269']",Fixed,2025 Topps Series 1 - #290 Pete Crow-Armstrong,$,$1.49,,,,2025 Topps Series 1 - #290 Pete Crow-Armstrong,Like new,,,,,,,,,-,$,,,,,,,-,Topps,['-'],-,,,,,,,,,,,,,,,,,,,,,,,,,,,,,,
MERCARI,https://www.mercari.com/,https://www.mercari.com/us/item/m20447277925/?ref=search_results,"['https://u-mercari-images.mercdn.net/photos/m20447277925_1.jpg?width=512&height=512&format=pjpg&auto=webp&fit=crop&_=1740977228', 'https://u-mercari-images.mercdn.net/photos/m20447277925_2.jpg?width=512&height=512&format=pjpg&auto=webp&fit=crop&_=1740977228', 'https://u-mercari-images.mercdn.net/photos/m20447277925_3.jpg?width=512&height=512&format=pjpg&auto=webp&fit=crop&_=1740977228', 'https://u-mercari-images.mercdn.net/photos/m20447277925_4.jpg?width=512&height=512&format=pjpg&auto=webp&fit=crop&_=1740977228', 'https://u-mercari-images.mercdn.net/photos/m20447277925_5.jpg?width=512&height=512&format=pjpg&auto=webp&fit=crop&_=1740977228', 'https://u-mercari-images.mercdn.net/photos/m20447277925_6.jpg?width=512&height=512&format=pjpg&auto=webp&fit=crop&_=1740977228', 'https://u-mercari-images.mercdn.net/photos/m20447277925_7.jpg?width=512&height=512&format=pjpg&auto=webp&fit=crop&_=1740977228', 'https://u-mercari-images.mercdn.net/photos/m20447277925_8.jpg?width=512&height=512&format=pjpg&auto=webp&fit=crop&_=1740977228', 'https://u-mercari-images.mercdn.net/photos/m20447277925_9.jpg?width=512&height=512&format=pjpg&auto=webp&fit=crop&_=1740977228', 'https://u-mercari-images.mercdn.net/photos/m20447277925_10.jpg?width=512&height=512&format=pjpg&auto=webp&fit=crop&_=1740977228', 'https://u-mercari-images.mercdn.net/photos/m20447277925_11.jpg?width=512&height=512&format=pjpg&auto=webp&fit=crop&_=1740977228']",Fixed,1989 Fleer Bill Ripken FF Error #616 Baltimore Orioles,$,$84.99,,,,See pictures for condition If you would like more pictures message me Great Item for the collection! Anything posted is still for sale feel free to message me with any questions Can combine shipping for you as well You always get exact Item from pictures!,Good,,,,,,,,,-,$,,,,,,,-,Fleer,['-'],-,,,,,,,,,,,,,,,,,,,,,,,,,,,,,,
MERCARI,https://www.mercari.com/,https://www.mercari.com/us/item/m94995341413/?ref=search_results,"['https://u-mercari-images.mercdn.net/photos/m94995341413_1.jpg?width=512&height=512&format=pjpg&auto=webp&fit=crop&_=1740977221', 'https://u-mercari-images.mercdn.net/photos/m94995341413_2.jpg?width=512&height=512&format=pjpg&auto=webp&fit=crop&_=1740977221', 'https://u-mercari-images.mercdn.net/photos/m94995341413_1.jpg?width=512&height=512&format=pjpg&auto=webp&fit=crop&_=1740977221', 'https://u-mercari-images.mercdn.net/photos/m94995341413_2.jpg?width=512&height=512&format=pjpg&auto=webp&fit=crop&_=1740977221']",Fixed,Yadier Molina 2025 Topps Series 1 35th Anniversary 1990 Retro #T90-5,$,$1.75,,,,2025 Topps Series 1 35th Anniversary 1990 Retro card of Yadier Molina St Louis Cardinals,Like new,,,,,,,,,-,$,,,,,,,-,Topps,['-'],-,,,,,,,,,,,,,,,,,,,,,,,,,,,,,,
MERCARI,https://www.mercari.com/,https://www.mercari.com/us/item/m10181396684/?ref=search_results,"['https://u-mercari-images.mercdn.net/photos/m10181396684_1.jpg?width=512&height=512&format=pjpg&auto=webp&fit=crop&_=1740977190', 'https://u-mercari-images.mercdn.net/photos/m10181396684_2.jpg?width=512&height=512&format=pjpg&auto=webp&fit=crop&_=1740977190', 'https://u-mercari-images.mercdn.net/photos/m10181396684_3.jpg?width=512&height=512&format=pjpg&auto=webp&fit=crop&_=1740977190']",Fixed,【Limited】GIANTS PLAYERS CARDS 2-pack set,$,$22.82,,,,"Tokyo Giants player cards for the 2024 season, featuring 47 players. 4 players x 2 - Product Name: GIANTS PLAYERS CARDS - Product Type: Cards - Stadium Name: GIANTS TOWN STADIUM - Season: 2024 Season - Number of Japanese Players: 47 - Official Website: www.giants.jp Opened for photo taking.",New,,,,,,,,,-,$,,,,,,,-,-,['-'],-,,,,,,,,,,,,,,,,,,,,,,,,,,,,,,
MERCARI,https://www.mercari.com/,https://www.mercari.com/us/item/m33593559465/?ref=search_results,"['https://u-mercari-images.mercdn.net/photos/m33593559465_1.jpg?width=512&height=512&format=pjpg&auto=webp&fit=crop&_=1740977182', 'https://u-mercari-images.mercdn.net/photos/m33593559465_2.jpg?width=512&height=512&format=pjpg&auto=webp&fit=crop&_=1740977182', 'https://u-mercari-images.mercdn.net/photos/m33593559465_1.jpg?width=512&height=512&format=pjpg&auto=webp&fit=crop&_=1740977182', 'https://u-mercari-images.mercdn.net/photos/m33593559465_2.jpg?width=512&height=512&format=pjpg&auto=webp&fit=crop&_=1740977182']",Fixed,Lou Gehrig,$,$10.00,,,,Baseball talk card Comes with plastic sleeve,Good,,,,,,,,,-,$,,,,,,,-,Topps,['-'],-,,,,,,,,,,,,,,,,,,,,,,,,,,,,,,
MERCARI,https://www.mercari.com/,https://www.mercari.com/us/item/m21952600865/?ref=search_results,"['https://u-mercari-images.mercdn.net/photos/m21952600865_1.jpg?width=512&height=512&format=pjpg&auto=webp&fit=crop&_=1740977140', 'https://u-mercari-images.mercdn.net/photos/m21952600865_2.jpg?width=512&height=512&format=pjpg&auto=webp&fit=crop&_=1740977140', 'https://u-mercari-images.mercdn.net/photos/m21952600865_1.jpg?width=512&height=512&format=pjpg&auto=webp&fit=crop&_=1740977140', 'https://u-mercari-images.mercdn.net/photos/m21952600865_2.jpg?width=512&height=512&format=pjpg&auto=webp&fit=crop&_=1740977140']",Fixed,2020 Diamond Kings RONALD BOLANOS Autograph Dual Player-Worn Relic #DKMS-RB SIGS,$,$4.99,,,,Listing is for the above pictured card. Please check photos for overall condition or ask any questions before purchasing. You can find us on Facebook for more goodies including weekly live auctions. We are happy to combine shipping on multiple item purchases. Thank you for visiting our page. 04-03 WE ARE NOW OFFERING FREE SHIPPING ON ORDERS OF 10 CARDS OR MORE PRICED AT $1.49 or More!! MESSAGE US TO SET UP SPECIAL LISTING FOR YOU TO TAKE ADVANTAGE OF THIS OFFER!!,Like new,,,,,,,,,-,$,,,,,,,-,Panini,['-'],-,,,,,,,,,,,,,,,,,,,,,,,,,,,,,,
MERCARI,https://www.mercari.com/,https://www.mercari.com/us/item/m84413355620/?ref=search_results,"['https://u-mercari-images.mercdn.net/photos/m84413355620_1.jpg?width=512&height=512&format=pjpg&auto=webp&fit=crop&_=1740977123', 'https://u-mercari-images.mercdn.net/photos/m84413355620_2.jpg?width=512&height=512&format=pjpg&auto=webp&fit=crop&_=1740977123', 'https://u-mercari-images.mercdn.net/photos/m84413355620_1.jpg?width=512&height=512&format=pjpg&auto=webp&fit=crop&_=1740977123', 'https://u-mercari-images.mercdn.net/photos/m84413355620_2.jpg?width=512&height=512&format=pjpg&auto=webp&fit=crop&_=1740977123']",Fixed,2021 Absolute Rookie Thread Duals Andy Young Pavin Smith #RTD-AY RC SIGS Rookie,$,$3.49,,,,Listing is for the above pictured card. Please check photos for overall condition or ask any questions before purchasing. You can find us on Facebook for more goodies including weekly live auctions. We are happy to combine shipping on multiple item purchases. Thank you for visiting our page. 04-03 WE ARE NOW OFFERING FREE SHIPPING ON ORDERS OF 10 CARDS OR MORE PRICED AT $1.49 or More!! MESSAGE US TO SET UP SPECIAL LISTING FOR YOU TO TAKE ADVANTAGE OF THIS OFFER!!,Like new,,,,,,,,,-,$,,,,,,,-,Panini,['-'],-,,,,,,,,,,,,,,,,,,,,,,,,,,,,,,
MERCARI,https://www.mercari.com/,https://www.mercari.com/us/item/m57530260141/?ref=search_results,"['https://u-mercari-images.mercdn.net/photos/m57530260141_1.jpg?width=512&height=512&format=pjpg&auto=webp&fit=crop&_=1740977112', 'https://u-mercari-images.mercdn.net/photos/m57530260141_2.jpg?width=512&height=512&format=pjpg&auto=webp&fit=crop&_=1740977112', 'https://u-mercari-images.mercdn.net/photos/m57530260141_1.jpg?width=512&height=512&format=pjpg&auto=webp&fit=crop&_=1740977112', 'https://u-mercari-images.mercdn.net/photos/m57530260141_2.jpg?width=512&height=512&format=pjpg&auto=webp&fit=crop&_=1740977112']",Fixed,2021 Contenders Yermin Mercedes RC Rookie Ticket Relic Patch SIGS RTJ-YM SIGS,$,$3.99,,,,Listing is for the above pictured card. Please check photos for overall condition or ask any questions before purchasing. You can find us on Facebook for more goodies including weekly live auctions. We are happy to combine shipping on multiple item purchases. Thank you for visiting our page. 04-03 WE ARE NOW OFFERING FREE SHIPPING ON ORDERS OF 10 CARDS OR MORE PRICED AT $1.49 or More!! MESSAGE US TO SET UP SPECIAL LISTING FOR YOU TO TAKE ADVANTAGE OF THIS OFFER!!,Like new,,,,,,,,,-,$,,,,,,,-,Panini,['-'],-,,,,,,,,,,,,,,,,,,,,,,,,,,,,,,
MERCARI,https://www.mercari.com/,https://www.mercari.com/us/item/m60639883947/?ref=search_results,"['https://u-mercari-images.mercdn.net/photos/m60639883947_1.jpg?width=512&height=512&format=pjpg&auto=webp&fit=crop&_=1740977100', 'https://u-mercari-images.mercdn.net/photos/m60639883947_2.jpg?width=512&height=512&format=pjpg&auto=webp&fit=crop&_=1740977100', 'https://u-mercari-images.mercdn.net/photos/m60639883947_1.jpg?width=512&height=512&format=pjpg&auto=webp&fit=crop&_=1740977100', 'https://u-mercari-images.mercdn.net/photos/m60639883947_2.jpg?width=512&height=512&format=pjpg&auto=webp&fit=crop&_=1740977100']",Fixed,2021 Panini Absolute Braxton Garrett Rookie Threads #RT-BG SIGS Miami Marlins,$,$3.99,,,,Listing is for the above pictured card. Please check photos for overall condition or ask any questions before purchasing. You can find us on Facebook for more goodies including weekly live auctions. We are happy to combine shipping on multiple item purchases. Thank you for visiting our page. 04-03 WE ARE NOW OFFERING FREE SHIPPING ON ORDERS OF 10 CARDS OR MORE PRICED AT $1.49 or More!! MESSAGE US TO SET UP SPECIAL LISTING FOR YOU TO TAKE ADVANTAGE OF THIS OFFER!!,Like new,,,,,,,,,-,$,,,,,,,-,Panini,['-'],-,,,,,,,,,,,,,,,,,,,,,,,,,,,,,,
MERCARI,https://www.mercari.com/,https://www.mercari.com/us/item/m62359922201/?ref=search_results,"['https://u-mercari-images.mercdn.net/photos/m62359922201_1.jpg?width=512&height=512&format=pjpg&auto=webp&fit=crop&_=1740977088', 'https://u-mercari-images.mercdn.net/photos/m62359922201_2.jpg?width=512&height=512&format=pjpg&auto=webp&fit=crop&_=1740977088', 'https://u-mercari-images.mercdn.net/photos/m62359922201_1.jpg?width=512&height=512&format=pjpg&auto=webp&fit=crop&_=1740977088', 'https://u-mercari-images.mercdn.net/photos/m62359922201_2.jpg?width=512&height=512&format=pjpg&auto=webp&fit=crop&_=1740977088']",Fixed,2015 Topps Triple Threads Unity Relic Gold AUTOGRAPH Jason Rogers /75 SIGS,$,$7.99,,,,Listing is for the above pictured card. Please check photos for overall condition or ask any questions before purchasing. You can find us on Facebook for more goodies including weekly live auctions. We are happy to combine shipping on multiple item purchases. Thank you for visiting our page. 04-03 WE ARE NOW OFFERING FREE SHIPPING ON ORDERS OF 10 CARDS OR MORE PRICED AT $1.49 or More!! MESSAGE US TO SET UP SPECIAL LISTING FOR YOU TO TAKE ADVANTAGE OF THIS OFFER!!,Like new,,,,,,,,,-,$,,,,,,,-,Panini,['-'],-,,,,,,,,,,,,,,,,,,,,,,,,,,,,,,
